PRAGMA foreign_keys=OFF;
BEGIN TRANSACTION;
CREATE TABLE "cards" ("id" INTEGER PRIMARY KEY AUTOINCREMENT NOT NULL, "name" varchar, "serial_number" varchar, "description" varchar, "category" varchar);
INSERT INTO "cards" VALUES(1,'"A" Cell Breeding Device','34541863','During each of your Standby Phases, put 1 A-Counter on 1 face-up monster your opponent controls.','Spell');
INSERT INTO "cards" VALUES(2,'"A" Cell Incubator','64163367','Each time an A-Counter(s) is removed from play by a card effect, place 1 A-Counter on this card. When this card is destroyed, distribute the A-Counters on this card among face-up monsters.','Spell');
INSERT INTO "cards" VALUES(3,'"A" Cell Scatter Burst','73262676','Select 1 face-up "Alien" monster you control. Destroy it and distribute new A-Counters equal to its Level among your opponent''s face-up monsters.','Spell');
INSERT INTO "cards" VALUES(4,'1st Movement Solo','44256816','If you control no monsters: Special Summon 1 Level 4 or lower "Melodious" monster from your hand or Deck. You can only activate 1 "1st Movement Solo" per turn. You cannot Special Summon monsters during the turn you activate this card, except "Melodious" monsters.','Spell');
INSERT INTO "cards" VALUES(5,'3-Hump Lacooda','86988864','If there are 3 face-up "3-Hump Lacooda" cards on your side of the field, Tribute 2 of them to draw 3 cards.','Effect');
INSERT INTO "cards" VALUES(6,'30,000-Year White Turtle','11714098','A huge turtle that has existed for more than 30,000 years.','Normal');
INSERT INTO "cards" VALUES(7,'4-Starred Ladybug of Doom','83994646','FLIP: Destroy all Level 4 monsters your opponent controls.','Effect');
INSERT INTO "cards" VALUES(8,'7','67048711','When there are 3 face-up "7" cards on your side of the field, draw 3 cards from your Deck. Then destroy all "7" cards. When this card is sent directly from the field to your Graveyard, increase your Life Points by 700 points.','Spell');
INSERT INTO "cards" VALUES(9,'7 Colored Fish','23771716','A rare rainbow fish that has never been caught by mortal man.','Normal');
INSERT INTO "cards" VALUES(10,'7 Completed','86198326','Activate this card by choosing ATK or DEF; equip only to a Machine-Type monster. It gains 700 ATK or DEF, depending on the choice.','Spell');
INSERT INTO "cards" VALUES(11,'8-Claws Scorpion','14261867','Once per turn, you can flip this card into face-down Defense Position. When this card attacks an opponent''s face-down Defense Position monster, this card''s ATK becomes 2400 during damage calculation only.','Effect');
INSERT INTO "cards" VALUES(12,'A Cat of Ill Omen','24140059','FLIP: Select 1 Trap Card from your Deck and place it on top of your Deck. If "Necrovalley" is on the field, you can add the selected card to your hand instead.','Effect');
INSERT INTO "cards" VALUES(13,'A Deal with Dark Ruler','06850209','(This card is always treated as an "Archfiend" card.)
If a Level 8 or higher monster under your control was sent to the Graveyard this turn: Special Summon 1 "Berserk Dragon" from your hand or Deck.','Spell');
INSERT INTO "cards" VALUES(14,'A Feather of the Phoenix','49140998','Discard 1 card, then target 1 card in your Graveyard; return that target to the top of your Deck.','Spell');
INSERT INTO "cards" VALUES(15,'A Feint Plan','68170903','A player cannot attack face-down monsters during this turn.','Trap');
INSERT INTO "cards" VALUES(16,'A Hero Emerges','21597117','When an opponent''s monster declares an attack: Your opponent chooses 1 random card from your hand, then if it is a monster that can be Special Summoned, Special Summon it. Otherwise, send it to the Graveyard.','Trap');
INSERT INTO "cards" VALUES(17,'A Hero Lives','08949584','If you control no face-up monsters: Pay half your LP; Special Summon 1 Level 4 or lower "Elemental HERO" monster from your Deck.','Spell');
INSERT INTO "cards" VALUES(18,'A Legendary Ocean','00295517','This card''s name is treated as "Umi". Reduce the Level of all WATER monsters in both players'' hands and on the field by 1. All WATER monsters gain 200 ATK and DEF.','Spell');
INSERT INTO "cards" VALUES(19,'A Major Upset','32207100','Tribute 1 face-up Attack Position Level 2 or lower monster you control. Return all face-up Level 7 or higher Special Summoned monsters to the hand.','Trap');
INSERT INTO "cards" VALUES(20,'A Man with Wdjat','51351302','When you Normal Summon this card, and during each of your Standby Phases, select 1 Set card on your opponent''s side of the field. Pick it up and look at it, then return it to its original position.','Effect');
INSERT INTO "cards" VALUES(21,'A Rival Appears!','05728014','Select 1 face-up monster your opponent controls. Special Summon 1 monster from your hand that has the same Level as the selected monster.','Trap');
INSERT INTO "cards" VALUES(22,'A Wild Monster Appears!','23587624','If your opponent controls a monster and you control no monsters: Special Summon from your hand, 1 monster with an original Level of 10 or lower that cannot be Normal Summoned/Set, ignoring its Summoning conditions. It is unaffected by the effects of your cards, except for its own effects and this card''s, also shuffle it into the Deck during your opponent''s next End Phase. For the rest of this turn, you cannot Normal Summon/Set or Special Summon monsters, and your opponent takes no damage.','Spell');
INSERT INTO "cards" VALUES(23,'A Wingbeat of Giant Dragon','28596933','Return 1 Level 5 or higher Dragon-Type monster you control to the hand, and if you do, destroy all Spell and Trap Cards on the field.','Spell');
INSERT INTO "cards" VALUES(24,'A-Team: Trap Disposal Unit','13026402','This effect can be used during either player''s turn. When your opponent activates a Trap Card, Tribute this face-up card to negate the activation of the Trap Card and destroy it.','Effect');
INSERT INTO "cards" VALUES(25,'A/D Changer','96146814','You can banish this card from your Graveyard, then target 1 monster on the field; change its battle position.','Effect');
INSERT INTO "cards" VALUES(26,'Abaki','12694768','When this card is destroyed and sent to the Graveyard by battle, both players take 500 damage.','Effect');
INSERT INTO "cards" VALUES(27,'Abare Ushioni','89718302','Once per turn, you can toss a coin and call it. If you call it right, inflict 1000 damage to your opponent. If you call it wrong, you take 1000 damage.','Effect');
INSERT INTO "cards" VALUES(28,'Absolute Crusader','70832512','When a Level 5 or higher monster is Special Summoned: Tribute this face-up card on the field; destroy that Level 5 or higher monster.','Effect');
INSERT INTO "cards" VALUES(29,'Absolute End','27744077','Activate only during your opponent''s turn. This turn, the attacks from your opponent''s monsters become direct attacks.','Trap');
INSERT INTO "cards" VALUES(30,'Absolute King Back Jack','60990740','During your opponent''s turn: You can banish this card from the Graveyard (this is a Quick Effect); excavate the top card of your Deck, and if it is a Normal Trap Card, Set it to your side of the field. Otherwise, send it to the Graveyard. That Set card can be activated during this turn. If this card is sent to the Graveyard: You can look at 3 cards from the top of your Deck, then place them on the top of the Deck in any order. You can only use each effect of "Absolute King Back Jack" once per turn.','Effect');
INSERT INTO "cards" VALUES(31,'Absorb Fusion','71422989','Add 1 "Gem-Knight" card from your Deck to your hand, then you can apply this effect.
● Fusion Summon 1 "Gem-Knight" Fusion Monster from your Extra Deck, by banishing Fusion Materials listed on it from your hand or your side of the field.
You can only activate 1 "Absorb Fusion" per turn. You cannot Special Summon monsters the turn you activate this card, except "Gem-Knight" monsters.','Spell');
INSERT INTO "cards" VALUES(32,'Absorbing Jar','03900605','FLIP: Destroy all Set Spell/Trap Cards on the field, then each player draws 1 card for each of the cards they controlled that was destroyed by this effect. You cannot Set any cards this turn.','Effect');
INSERT INTO "cards" VALUES(33,'Absorbing Kid from the Sky','49771608','When this card destroys a monster and sends it to the Graveyard as a result of battle, increase your Life Points by the Level of the destroyed monster x 300 points.','Effect');
INSERT INTO "cards" VALUES(34,'Abyss Dweller','21044178','2 Level 4 monsters
While this card has an Xyz Material attached that was originally WATER, all WATER monsters you control gain 500 ATK. Once per turn, during either player''s turn: You can detach 1 Xyz Material from this card; any card effects that activate in your opponent''s Graveyard cannot be activated this turn.','Xyz');
INSERT INTO "cards" VALUES(35,'Abyss Flower','40387124','A rarely seen flower that blossoms quietly on the edge of darkness.','Normal');
INSERT INTO "cards" VALUES(36,'Abyss Soldier','18318842','Once per turn: You can discard 1 WATER monster to the Graveyard to target 1 card on the field; return it to the hand.','Effect');
INSERT INTO "cards" VALUES(37,'Abyss Stungray','97232518','Special Summon this card as an Effect Monster (Thunder-Type/LIGHT/Level 5/ATK 1900/DEF 0). (This card is also still a Trap Card). If Summoned this way, this card cannot be destroyed by battle.','Trap');
INSERT INTO "cards" VALUES(38,'Abyss Warrior','88409165','Once per turn: You can discard 1 WATER monster to the Graveyard, then target 1 monster in either player''s Graveyard; return that target to either the top or bottom of the Deck.','Effect');
INSERT INTO "cards" VALUES(39,'Abyss-scale of Cetus','19596712','Equip only to a "Mermail" monster. It gains 800 ATK. When a Trap effect that was activated on your opponent''s side of the field resolves, negate that effect, then send this card to the Graveyard.','Spell');
INSERT INTO "cards" VALUES(40,'Abyss-scale of the Kraken','08719957','Equip only to a "Mermail" monster. It gains 400 ATK. When a monster effect that was activated on your opponent''s side of the field resolves, negate that effect, then send this card to the Graveyard.','Spell');
INSERT INTO "cards" VALUES(41,'Abyss-scale of the Mizuchi','72932673','Equip only to a "Mermail" monster. It gains 800 ATK. When a Spell effect that was activated on your opponent''s side of the field resolves, negate that effect, then send this card to the Graveyard.','Spell');
INSERT INTO "cards" VALUES(42,'Abyss-scorn','79206750','Target 1 "Mermail" monster you control; it gains 1000 ATK until the End Phase. When this Set card is sent to the Graveyard: Target 1 monster your opponent controls; send that target to the Graveyard.','Trap');
INSERT INTO "cards" VALUES(43,'Abyss-sphere','60202749','Special Summon 1 "Mermail" monster from your Deck. Its effects are negated. You cannot activate any Spell Cards. When this card leaves the field, destroy that monster. Destroy this card during your opponent''s next End Phase after activation.','Trap');
INSERT INTO "cards" VALUES(44,'Abyss-squall','34707034','Target 3 "Mermail" monsters in your Graveyard; Special Summon those targets in face-up Defense Position. Their effects are negated and they cannot declare an attack. Destroy them during the End Phase.','Trap');
INSERT INTO "cards" VALUES(45,'Abyss-strom','97697447','Send 1 face-up "Umi" you control to the Graveyard; send all Spell and Trap cards on the field to the Graveyard.','Trap');
INSERT INTO "cards" VALUES(46,'Abyssal Designator','89801755','Pay 1000 Life Points. Declare a Type and an Attribute. Your opponent must send 1 monster with both the declared Type and Attribute from their hand or Deck to the Graveyard.','Spell');
INSERT INTO "cards" VALUES(47,'Abyssal Kingshark','44223284','Once per turn, if this card would be destroyed by an effect that does not target it, it is not destroyed.','Effect');
INSERT INTO "cards" VALUES(48,'Accel Synchron','37675907','1 Tuner + 1 or more non-Tuner monsters
Once per turn: You can send 1 "Synchron" monster from your Deck to the Graveyard, then activate 1 of these effects;
● Increase this card''s Level by the Level of the sent monster.
● Reduce this card''s Level by the Level of the sent monster.
During your opponent''s Main Phase, you can: Immediately after this effect resolves, Synchro Summon 1 Synchro Monster, using Materials including this card you control (this is a Quick Effect). You can only Synchro Summon "Accel Synchron(s)" once per turn.','Synchro');
INSERT INTO "cards" VALUES(49,'Accellight','34838437','If you control no monsters: Special Summon 1 Level 4 or lower "Photon" or "Galaxy" monster from your Deck. You can only activate 1 "Accellight" per turn. You cannot Normal Summon/Set during the turn you activate this card.','Spell');
INSERT INTO "cards" VALUES(50,'Accumulated Fortune','98444741','Activate only as Chain Link 4 or higher. Draw 2 cards. You cannot activate this card if multiple cards/effects with the same name are in that Chain.','Trap');
INSERT INTO "cards" VALUES(51,'Achacha Archer','98865920','When this card is Normal or Flip Summoned: Inflict 500 damage to your opponent.','Effect');
INSERT INTO "cards" VALUES(52,'Achacha Chanbara','62476197','During either player''s turn, when a card or effect is activated that will inflict damage when it resolves: You can Special Summon this card from your hand, and if you do, inflict 400 damage to your opponent.','Effect');
INSERT INTO "cards" VALUES(53,'Acid Crawler','77568553','A giant caterpillar that secretes an acid mist that melts anything.','Normal');
INSERT INTO "cards" VALUES(54,'Acid Rain','21323861','Destroy all face-up Machine-Type monsters on the field.','Spell');
INSERT INTO "cards" VALUES(55,'Acid Trap Hole','41356845','Target 1 face-down Defense Position monster on the field; flip it face-up, then destroy it if its DEF is 2000 or less, or return it face-down if its DEF is more than 2000.','Trap');
INSERT INTO "cards" VALUES(56,'Acidic Downpour','35956022','All EARTH monsters lose 500 ATK and gain 400 DEF.','Spell');
INSERT INTO "cards" VALUES(57,'Acorno','21051977','During your Main Phase: You can send 1 "Pinecono" from your hand to the Graveyard, and Special Summon this card from the hand.','Effect');
INSERT INTO "cards" VALUES(58,'Acrobat Monkey','47372349','An autonomous monkey type robot which was developed with cutting-edge technology. It moves very acrobatically.','Normal');
INSERT INTO "cards" VALUES(59,'Adhesion Trap Hole','62325062','When your opponent Summons a monster(s): Halve that monster(s)''s original ATK.','Trap');
INSERT INTO "cards" VALUES(60,'Adhesive Explosive','53828396','Before damage calculation, if this card was attacked by your opponent''s monster and was in face-down Defense Position card at the start of Damage Step: Equip this card to the attacking monster. Then, during your opponent''s next Standby Phase, destroy the monster this card is equipped to.','Effect');
INSERT INTO "cards" VALUES(61,'Adreus, Keeper of Armageddon','94119480','2 Level 5 monsters
Once per turn: You can detach 1 Xyz Material from this card to target 1 face-up card your opponent controls; destroy it.','Xyz');
INSERT INTO "cards" VALUES(62,'Advance Draw','51630558','Tribute 1 face-up Level 8 or higher monster you control; draw 2 cards.','Spell');
INSERT INTO "cards" VALUES(63,'Advance Force','38589847','You can Tribute 1 Level 5 or higher monster to Tribute Summon a Level 7 or higher monster.','Spell');
INSERT INTO "cards" VALUES(64,'Advance Zone','76224717','Once per turn, during the End Phase of any turn in which you Tribute Summoned a monster(s): You can apply these effects, in sequence, based on the number of monsters you Tributed for Tribute Summons this turn.
● 1 or more: Destroy 1 Set card your opponent controls.
● 2 or more: Draw 1 card.
● 3 or more: Add 1 monster from your Graveyard to your hand.','Spell');
INSERT INTO "cards" VALUES(65,'Advanced Dark','12644061','All "Crystal Beast" monsters on the field and in the Graveyard become DARK. If "Rainbow Dragon" or "Rainbow Dark Dragon" attacks, negate the effects of the attack target during that Battle Phase. During damage calculation, if a "Crystal Beast" monster you control battles and you would take damage: You can send 1 "Crystal Beast" monster from your Deck to the Graveyard; you take no Battle Damage from that battle.','Spell');
INSERT INTO "cards" VALUES(66,'Advanced Heraldry Art','61314842','Target 2 "Heraldic Beast" monsters in your Graveyard; Special Summon both those targets. Immediately after this card resolves, Xyz Summon 1 Xyz Monster using those 2 monsters only.','Spell');
INSERT INTO "cards" VALUES(67,'Advanced Ritual Art','46052429','This card can be used to Ritual Summon any 1 Ritual Monster. You must also send Normal Monsters from your Deck to the Graveyard whose total Levels equal the Level of that Ritual Monster.','Spell');
INSERT INTO "cards" VALUES(68,'Aegaion the Sea Castrum','10678778','2 Level 8 monsters
During either player''s turn: You can banish 1 random face-down monster from your opponent''s Extra Deck, face-up, and if you do, this card''s ATK becomes equal to the banished monster''s. During either player''s turn: You can detach 1 Xyz Material from this card, then target 1 of your opponent''s banished Fusion, Synchro, or Xyz Monsters; return it to the Extra Deck, and if you do, destroy 1 monster your opponent controls with the same monster card type (Fusion, Synchro, or Xyz). You can only use each effect of "Aegaion the Sea Castrum" once per turn.','Xyz');
INSERT INTO "cards" VALUES(69,'Aegis of Gaia','47060347','Gain 3000 Life Points. If this face-up card is removed from the field, take 3000 damage.','Trap');
INSERT INTO "cards" VALUES(70,'Aegis of the Ocean Dragon Lord','07935043','Until the End Phase, face-up Level 3 or lower WATER monsters you control cannot be destroyed by battle or by card effects.','Trap');
INSERT INTO "cards" VALUES(71,'Aerial Recharge','70875955','Once per turn: You can Special Summon 1 "Mecha Phantom Beast Token" (Machine-Type/WIND/Level 3/ATK 0/DEF 0). During each player''s End Phase, Tribute 1 Token or "Mecha Phantom Beast" monster, or send this card to the Graveyard.','Trap');
INSERT INTO "cards" VALUES(72,'Aether, the Empowering Dragon','56804361','When this card is Pendulum Summoned: You can target 1 card on the field; return it to the hand. You can only use this effect of "Aether, the Empowering Dragon" once per turn.','Effect');
INSERT INTO "cards" VALUES(73,'Aether, the Wicked Empowering Dragon','28865322','Pendulum Effect
 Once per turn: You can banish 1 "Empowered Warrior" monster from your Graveyard, then target 1 card on the field; destroy it.

 Monster Effect
 When this card is Normal or Special Summoned: You can target 1 monster on the field; banish it.','Effect');
INSERT INTO "cards" VALUES(74,'After the Storm','82263578','If there are no other cards on the field: Target 1 WATER or WIND monster in your Graveyard; add that target to your hand.','Spell');
INSERT INTO "cards" VALUES(75,'After the Struggle','25345186','This card can only be activated during Main Phase 1. All monsters on both sides of the field that have been involved in damage calculation are destroyed during the End Step of the turn.','Spell');
INSERT INTO "cards" VALUES(76,'Against the Wind','64952266','Select 1 "Blackwing" monster in your Graveyard. Take damage equal to the ATK of the selected monster, and add it to your hand.','Spell');
INSERT INTO "cards" VALUES(77,'Agido','16135253','When this card is destroyed and sent to the Graveyard as a result of battle, roll a six-sided die. You can Special Summon 1 Fairy-Type monster from your Graveyard whose Level is equal to the number rolled. (If the result is 6, you can Special Summon a Level 6 or higher monster.)','Effect');
INSERT INTO "cards" VALUES(78,'Air Armor Ninja','69023354','When this card is Summoned: You can target 1 "Ninja" monster you control; reduce its Level by 1.','Effect');
INSERT INTO "cards" VALUES(79,'Air Eater','08353769','A monster that feeds on oxygen, suffocating any who stand near.','Normal');
INSERT INTO "cards" VALUES(80,'Airknight Parshath','18036057','If this card attacks a Defense Position monster, inflict piercing battle damage to your opponent. When this card inflicts battle damage to your opponent: Draw 1 card.','Effect');
INSERT INTO "cards" VALUES(81,'Airorca','84747429','Once per turn: You can banish 1 Fish, Sea Serpent, or Aqua-Type monster from your hand, then target 1 face-up card your opponent controls; destroy that target, then banish this card until your next Standby Phase.','Effect');
INSERT INTO "cards" VALUES(82,'Aitsu','48202661','He seems to be very unreliable, but he might have incredible potential.','Normal');
INSERT INTO "cards" VALUES(83,'Akakieisu','38035986','A sorcerer who utters spells that render monsters unconscious.','Normal');
INSERT INTO "cards" VALUES(84,'Akihiron','36904469','This strange creature hides in the deep, dark corners of the seven seas.','Normal');
INSERT INTO "cards" VALUES(85,'Akz, the Pumer','38837163','This card cannot be Normal Summoned or Set. This card can only be Special Summoned by removing from play 2 Beast-Warrior-Type monsters in your Graveyard. Once per turn, you can discard 1 Beast-Warrior-Type monster from your hand to activate 1 of the following effects: • Double this card''s ATK until the End Phase. • This card can attack your opponent directly this turn.','Effect');
INSERT INTO "cards" VALUES(86,'Al-Lumi''raj','25795273','All monsters on the field lose ATK and DEF equal to their own Level/Rank x 300.','Effect');
INSERT INTO "cards" VALUES(87,'Alchemic Magician','65301952','3 Level 4 Spellcaster-Type monsters
This card gains 200 ATK for each Spell Card in your Graveyard. Once per turn, during your End Phase: You can detach 1 Xyz Material from this card and send 1 card from your hand to the Graveyard; choose 1 Spell Card from your Deck, then Set it in your Spell & Trap Card Zone.','Xyz');
INSERT INTO "cards" VALUES(88,'Alchemist of Black Spells','78121572','Once per turn, you can change this face-up Attack Position card you control to face-up Defense Position and place 1 Spell Counter on a face-up card you control that you can place a Spell Counter on.','Effect');
INSERT INTO "cards" VALUES(89,'Alchemy Cycle','65384019','The original ATK of all face-up monsters you control becomes 0, until the End Phase. Each time a monster that had its original ATK reduced to 0 by this effect is destroyed by battle and sent to the Graveyard, draw 1 card.','Trap');
INSERT INTO "cards" VALUES(90,'Alector, Sovereign of Birds','17573739','If your opponent controls 2 or more face-up monsters of the same Attribute, you can Special Summon this card (from your hand). Once per turn: You can target 1 face-up card on the field; that target''s effects are negated during this turn. There can only be 1 face-up "Alector, Sovereign of Birds" on the field.','Effect');
INSERT INTO "cards" VALUES(91,'Alexandrite Dragon','43096270','Many of the czars'' lost jewels can be found in the scales of this priceless dragon. Its creator remains a mystery, along with how they acquired the imperial treasures. But whosoever finds this dragon has hit the jackpot... whether they know it or not.','Normal');
INSERT INTO "cards" VALUES(92,'Alich, Malebranche of the Burning Abyss','47728740','If you control a monster that is not a "Burning Abyss" monster, destroy this card. You can only use 1 of these effects of "Alich, Malebranche of the Burning Abyss" per turn, and only once that turn.
● If you control no Spell/Trap Cards: You can Special Summon this card from your hand.
● If this card is sent to the Graveyard: You can target 1 face-up monster on the field; negate its effects until the end of this turn.','Effect');
INSERT INTO "cards" VALUES(93,'Alien Ammonite','00652362','When this card is Normal Summoned, you can Special Summon 1 Level 4 or lower "Alien" monster from your Graveyard. Destroy it during the End Phase.','Normal');
INSERT INTO "cards" VALUES(94,'Alien Brain','17490535','When a Reptile-Type monster you control is destroyed by battle with an opponent''s attacking monster and sent to the Graveyard: Take control of the opponent''s monster, and if you do, it becomes Reptile-Type.','Trap');
INSERT INTO "cards" VALUES(95,'Alien Dog','15475415','When you Normal Summon an "Alien" monster, you can Special Summon this card from your hand. When you do, place 2 "A-Counters" on face-up monster(s) your opponent controls.','Effect');
INSERT INTO "cards" VALUES(96,'Alien Grey','62437709','FLIP: Place 1 A-Counter on 1 face-up monster on your opponent''s side of the field. (If a monster with an A-Counter battles an "Alien" monster, it loses 300 ATK and DEF for each A-Counter during damage calculation only.) After this card has been flipped face-up, when it is destroyed by battle and sent to the Graveyard, draw 1 card.','Effect');
INSERT INTO "cards" VALUES(97,'Alien Hunter','62315111','If this card destroys a monster with an A-Counter by battle, it can attack once again in a row.','Effect');
INSERT INTO "cards" VALUES(98,'Alien Hypno','38468214','This card is treated as a Normal Monster while face-up on the field or in the Graveyard. While this card is face-up on the field, you can Normal Summon it to have it be treated as an Effect Monster with this effect:
● During your Main Phase, you can select 1 monster your opponent controls with an A-Counter(s), and take control of it while this card is on the field. During each of your End Phases, remove 1 A-Counter from each controlled monster. If all A-Counters are removed from one of these monsters, destroy it.','Normal');
INSERT INTO "cards" VALUES(99,'Alien Infiltrator','76573247','Once per turn, this card can move to an adjacent unoccupied Monster Card Zone. If no Spell, Trap or Monster Card on your opponent''s side of the field is in the same column as this card, it can attack your opponent directly.','Effect');
INSERT INTO "cards" VALUES(100,'Alien Kid','64160836','Place 1 A-Counter on all monsters Special Summoned to your opponent''s side of the field. (If a monster with an A-Counter battles an "Alien" monster, it loses 300 ATK and DEF for each A-Counter during damage calculation only.)','Effect');
INSERT INTO "cards" VALUES(101,'Alien Mars','99532708','The effects of Effect Monsters with A-Counters are negated, except for "Alien Mars".','Effect');
INSERT INTO "cards" VALUES(102,'Alien Mother','24104865','If this card destroys a monster with an A-Counter by battle and sends it to the Graveyard, Special Summon the destroyed monster to your side of the field at the end of the Battle Phase. When this card is removed from the field, all monsters that were Special Summoned by this card''s effect are destroyed.','Effect');
INSERT INTO "cards" VALUES(103,'Alien Overlord','63253763','You can remove 2 A-Counters from anywhere on the field to Special Summon this card from your hand. Once per turn, you can place 1 A-Counter on each face-up monster your opponent controls. (If a monster with an A-Counter battles an "Alien" monster, it loses 300 ATK and DEF for each A-Counter during damage calculation only.) You can only control 1 face-up "Alien Overlord".','Effect');
INSERT INTO "cards" VALUES(104,'Alien Psychic','58012107','This card is changed to Defense Position when it is Normal Summoned or Flip Summoned. Monsters with A-Counters cannot declare an attack.','Effect');
INSERT INTO "cards" VALUES(105,'Alien Shocktrooper','97127906','The Aliens have used a mysterious biological substance to create a supreme race of soldiers. They do not have the natural powers of the other Aliens, but can make stunning physical attacks.','Normal');
INSERT INTO "cards" VALUES(106,'Alien Skull','25920413','You can Tribute 1 face-up Level 3 or lower monster on your opponent''s side of the field to Special Summon this card to your opponent''s side of the field. If you Special Summon the monster this way, place 1 A-Counter on this card, and you cannot Normal Summon or Set the same turn. (If a monster with an A-Counter battles an "Alien" monster, it loses 300 ATK and DEF for each A-Counter during damage calculation only.)','Effect');
INSERT INTO "cards" VALUES(107,'Alien Telepath','91070115','Once per turn, you can remove 1 A-Counter from a monster your opponent controls, and destroy 1 Spell or Trap Card. (If a monster with an A-Counter battles an "Alien" monster, it loses 300 ATK and DEF for each A-Counter during damage calculation only.)','Effect');
INSERT INTO "cards" VALUES(108,'Alien Warrior','98719226','When this card is destroyed by battle and sent to the Graveyard, place 2 A-Counters on the monster that destroyed it. (If a monster with an A-Counter battles an "Alien" monster, it loses 300 ATK and DEF for each A-Counter during damage calculation only.)','Effect');
INSERT INTO "cards" VALUES(109,'Alinsection','70924884','A stag beetle with saw-like head and arms.','Normal');
INSERT INTO "cards" VALUES(110,'All-Out Attacks','30834988','All monsters that are Special Summoned are changed to face-up Attack Position and must attack, if able, during the turn they are Special Summoned.','Trap');
INSERT INTO "cards" VALUES(111,'Alligator''s Sword','64428736','''ey, dis mighty lissard man can swing his sword so fast, dat it''s more dan da speed a sound!','Normal');
INSERT INTO "cards" VALUES(112,'Alligator''s Sword Dragon','03366982','"Baby Dragon" + "Alligator''s Sword"
This card can attack your opponent directly if the only face-up monsters they control are EARTH, WATER, or FIRE.','Fusion');
INSERT INTO "cards" VALUES(113,'Allure of Darkness','01475311','Draw 2 cards, then banish 1 DARK monster from your hand, or, if you do not have any in your hand, send your entire hand to the Graveyard.','Spell');
INSERT INTO "cards" VALUES(114,'Allure Queen LV3','87257460','Once per turn, during your Main Phase, you can select 1 Level 3 or lower monster on your opponent''s side of the field and equip it to this card. (Only 1 card at a time can be equipped due to this effect.) If this card would be destroyed by battle, the equipped monster is destroyed instead. During your Standby Phase, by sending this card to the Graveyard while it''s equipped due to its effect, Special Summon 1 "Allure Queen LV5" from your hand or Deck.','Effect');
INSERT INTO "cards" VALUES(115,'Allure Queen LV5','23756165','Once per turn, during your Main Phase, if this card was Special Summoned by the effect of "Allure Queen LV3", you can select 1 Level 5 or lower monster on your opponent''s side of the field and equip it to this card. (Only 1 card at a time can be equipped due to this effect.) If this card would be destroyed by battle, the equipped monster is destroyed instead. During your Standby Phase, by sending this card to the Graveyard while it''s equipped due to its effect, Special Summon 1 "Allure Queen LV7" from your hand or Deck.','Effect');
INSERT INTO "cards" VALUES(116,'Allure Queen LV7','50140163','Once per turn, during your Main Phase, if this card was Special Summoned by the effect of "Allure Queen LV5", you can select 1 monster on your opponent''s side of the field and equip it to this card. (Only 1 card at a time can be equipped due to this effect.) If this card would be destroyed by battle, the equipped monster is destroyed instead.','Effect');
INSERT INTO "cards" VALUES(117,'Ally Mind','40155554','A high-performance unit developed to enhance the Artificial Intelligence program of the Allies of Justice. Loaded with elements collected from a meteor found in the Worm Nebula, it allows for highly tuned performance. But its full capacity is not yet determined.','Normal');
INSERT INTO "cards" VALUES(118,'Ally of Justice Catastor','26593852','1 Tuner + 1 or more non-Tuner monsters
At the start of the Damage Step, if this card battles a non-DARK monster: Destroy that monster.','Synchro');
INSERT INTO "cards" VALUES(119,'Ally of Justice Clausolas','89386122','A mighty monster in Mist Valley, and the ultimate weapon designed from Claiomh Solais. Its surprise attacks from above baffle invaders.','Normal');
INSERT INTO "cards" VALUES(120,'Ally of Justice Core Destroyer','36629203','If this card attacks or is attacked by a LIGHT monster, destroy that monster at the start of the Damage Step (without damage calculation).','Effect');
INSERT INTO "cards" VALUES(121,'Ally of Justice Cosmic Gateway','08822710','If your opponent controls 2 or more monsters, including a LIGHT monster, you can Special Summon this card from your hand.','Effect');
INSERT INTO "cards" VALUES(122,'Ally of Justice Cycle Reader','08233522','You can discard this card to the Graveyard to select up to 2 LIGHT monsters in your opponent''s Graveyard, and remove them from play. This effect can be activated during either player''s turn.','Normal');
INSERT INTO "cards" VALUES(123,'Ally of Justice Cyclone Creator','45586855','Once per turn, you can discard 1 card from your hand to return Spell/Trap Cards from the field to the hand equal to the number of face-up Tuner monsters on the field.','Normal');
INSERT INTO "cards" VALUES(124,'Ally of Justice Decisive Armor','09888196','1 Tuner + 2 or more non-Tuner monsters 
 Once per turn, if your opponent controls a face-up LIGHT monster(s), you can activate 1 of these effects: ● Select 1 Set card your opponent controls and destroy it. ● Send 1 card from your hand to the Graveyard to destroy all Spell/Trap Cards your opponent controls. ● Send all cards in your hand to the Graveyard to look at your opponent''s hand and send all LIGHT monsters in their hand to the Graveyard. Then, inflict damage to your opponent equal to the total ATK of the opponent''s monsters sent to the Graveyard.','Synchro');
INSERT INTO "cards" VALUES(125,'Ally of Justice Enemy Catcher','45033006','When this card is Normal Summoned, you can take control of 1 face-down Defense Position monster your opponent controls, until the End Phase of this turn.','Effect');
INSERT INTO "cards" VALUES(126,'Ally of Justice Field Marshal','69461394','1 Tuner + 2 or more non-Tuner monsters
This card cannot be Special Summoned except by Synchro Summon. When this card destroys a face-down Defense Position monster by battle and sends it to the Graveyard, draw 1 card.','Synchro');
INSERT INTO "cards" VALUES(127,'Ally of Justice Garadholg','25771826','If this card battles a LIGHT monster, it gains 200 ATK during the Damage Step only.','Effect');
INSERT INTO "cards" VALUES(128,'Ally of Justice Light Gazer','19204398','1 Tuner + 1 or more non-Tuner monsters
This card gains 200 ATK for each LIGHT monster in your opponent''s Graveyard.','Synchro');
INSERT INTO "cards" VALUES(129,'Ally of Justice Nullfier','76650663','Any LIGHT monster that has battled this card has its effects negated (starting after damage calculation).','Effect');
INSERT INTO "cards" VALUES(130,'Ally of Justice Omni-Weapon','45450218','When this card destroys a LIGHT monster by battle and sends it to the Graveyard, draw 1 card. If that card is a Level 4 or lower DARK monster, you can reveal that card to Special Summon it.','Effect');
INSERT INTO "cards" VALUES(131,'Ally of Justice Quarantine','72845813','Neither player can Special Summon LIGHT monsters.','Effect');
INSERT INTO "cards" VALUES(132,'Ally of Justice Reverse Break','55982698','If there is a face-up LIGHT monster on the field, destroy this card. If this card attacks a face-down Defense Position monster, destroy the monster immediately with this card''s effect without flipping it face-up or applying damage calculation.','Effect');
INSERT INTO "cards" VALUES(133,'Ally of Justice Rudra','52265835','If this card battles a LIGHT monster, it gains 700 ATK during the Damage Step only.','Effect');
INSERT INTO "cards" VALUES(134,'Ally of Justice Searcher','03648368','Once per turn, you can discard 1 card to select 1 face-down Defense Position monster your opponent controls and change it to face-up Attack Position. Flip Effects are not activated at this time.','Effect');
INSERT INTO "cards" VALUES(135,'Ally of Justice Thousand Arms','85876417','This card can attack all face-up LIGHT monsters your opponent controls once each. If this card battles a non-LIGHT monster, destroy this card before damage calculation.','Effect');
INSERT INTO "cards" VALUES(136,'Ally of Justice Thunder Armor','71438011','This card cannot be Special Summoned. During the battle between an attacking "Ally of Justice" monster you control and a Defense Position monster whose DEF is lower than the ATK of the attacking monster, inflict the difference as Battle Damage to your opponent.','Effect');
INSERT INTO "cards" VALUES(137,'Ally of Justice Unknown Crusher','22371016','When this card battles a LIGHT monster, remove that monster from play after damage calculation.','Effect');
INSERT INTO "cards" VALUES(138,'Ally of Justice Unlimiter','82377606','You can Tribute this card to double the original ATK of 1 face-up "Ally of Justice" monster you control until the End Phase.','Effect');
INSERT INTO "cards" VALUES(139,'Ally Salvo','59482302','When this card is destroyed by battle with a LIGHT monster and sent to the Graveyard, select 2 cards on the field and destroy them.','Effect');
INSERT INTO "cards" VALUES(140,'Alpacaribou, Mystical Beast of the Forest','77797992','● While in Attack Position: Attack Position Winged Beast, Insect and Plant-Type monsters you control cannot be destroyed by battle.
● While in Defense Position: Defense Position Winged Beast, Insect and Plant-Type monsters you control cannot be targeted by, or be destroyed by, card effects.','Effect');
INSERT INTO "cards" VALUES(141,'Alpha The Magnet Warrior','99785935','Alpha, Beta, and Gamma meld as one to form a powerful monster.','Normal');
INSERT INTO "cards" VALUES(142,'Alsei, the Sylvan High Protector','10406322','2 Level 8 monsters
Once per turn: You can declare 1 card name; excavate the top card of your Deck, and if it is the declared card, add it to your hand. Otherwise, send it to the Graveyard. If a card is sent from your Deck to the Graveyard by a card effect (except during the Damage Step): You can detach 1 Xyz Material from this card, then target 1 card on the field; place that target on either the top or bottom of the Deck. You can only use this effect of "Alsei, the Sylvan High Protector" once per turn.','Xyz');
INSERT INTO "cards" VALUES(143,'Altar for Tribute','21070956','Select 1 monster on your side of the field and send it to the Graveyard. Increase your Life Points by an amount equal to the original ATK of the monster.','Trap');
INSERT INTO "cards" VALUES(144,'Altitude Knight','27632240','Once per turn, if another monster on the field returns to the hand or Main Deck: Send 1 WIND monster from your Deck to the Graveyard.','Effect');
INSERT INTO "cards" VALUES(145,'Amarylease','18988391','During your Main Phase: You can banish this card from your Graveyard; you can Normal Summon 1 monster this turn for 1 less Tribute. You can only use the effect of "Amarylease" once per turn.','Effect');
INSERT INTO "cards" VALUES(146,'Amazon of the Seas','17968114','A mermaid who serves as a herald to the Ocean Lord. She protects the sacred domain of Atlantis.','Normal');
INSERT INTO "cards" VALUES(147,'Amazoness Archer','91869203','You can Tribute 2 monsters to inflict 1200 damage to your opponent.','Effect');
INSERT INTO "cards" VALUES(148,'Amazoness Archers','67987611','Activate only when your opponent declares an attack while you control an "Amazoness" monster. All monsters your opponent controls are changed to face-up Attack Position (Flip Effects are not activated), and lose 500 ATK as long as they remain face-up on the field. Your opponent must attack with all of their monsters.','Trap');
INSERT INTO "cards" VALUES(149,'Amazoness Blowpiper','73574678','Select 1 face-up monster your opponent controls during each of your Standby Phases. It loses 500 ATK until the end of this turn.','Effect');
INSERT INTO "cards" VALUES(150,'Amazoness Chain Master','29654737','When this card is destroyed by battle and sent to the Graveyard: You can pay 1500 Life Points; look at your opponent''s hand, then add 1 monster from their hand to your hand.','Effect');
INSERT INTO "cards" VALUES(151,'Amazoness Fighter','55821894','You take no battle damage from attacks involving this card.','Effect');
INSERT INTO "cards" VALUES(152,'Amazoness Fighting Spirit','36100154','If an "Amazoness" monster attacks a monster with higher ATK, the attacking monster gains 1000 ATK during damage calculation only.','Spell');
INSERT INTO "cards" VALUES(153,'Amazoness Heirloom','79965360','Equip only to an "Amazoness" monster. Once per turn, that monster cannot be destroyed by battle. When the equipped monster attacks, after damage calculation, destroy the attack target.','Spell');
INSERT INTO "cards" VALUES(154,'Amazoness Paladin','47480070','This card gains 100 ATK for each "Amazoness" monster you control.','Effect');
INSERT INTO "cards" VALUES(155,'Amazoness Queen','15951532','"Amazoness" monsters you control cannot be destroyed by battle.','Effect');
INSERT INTO "cards" VALUES(156,'Amazoness Sage','53162898','At the end of the Damage Step, if this card attacked and is still on the field: Target 1 Spell/Trap Card your opponent controls; destroy that target.','Effect');
INSERT INTO "cards" VALUES(157,'Amazoness Scouts','71209500','During either player''s turn: You can Tribute this card; this turn, face-up "Amazoness" monsters you currently control cannot be targeted by monster effects, and cannot be destroyed by card effects.','Effect');
INSERT INTO "cards" VALUES(158,'Amazoness Shamanism','06459419','Destroy all face-up "Amazoness" monsters you control. Then, you can Special Summon any number of Level 4 or lower "Amazoness" monsters from your Graveyard in face-up Defense Position, up to the number of monsters destroyed by this effect.','Trap');
INSERT INTO "cards" VALUES(159,'Amazoness Spellcaster','81325903','Target 1 "Amazoness" monster you control and 1 face-up monster your opponent controls; switch the original ATK of those targets until the end of this turn.','Spell');
INSERT INTO "cards" VALUES(160,'Amazoness Swords Woman','94004268','Your opponent takes all Battle Damage that you would have taken from a battle involving this card.','Effect');
INSERT INTO "cards" VALUES(161,'Amazoness Tiger','10979723','You can only control 1 "Amazoness Tiger". This card gains 400 ATK for each "Amazoness" monster you control. Your opponent cannot attack any face-up "Amazoness" monsters, except this one.','Effect');
INSERT INTO "cards" VALUES(162,'Amazoness Trainee','89567993','Monsters destroyed by battle with this card are returned to the bottom of the Deck instead of going to the Graveyard. If this card destroys an opponent''s monster by battle: It gains 200 ATK.','Effect');
INSERT INTO "cards" VALUES(163,'Amazoness Village','00712559','All "Amazoness" monsters gain 200 ATK. Once per turn, when an "Amazoness" monster is destroyed by battle or by a card effect and sent to the Graveyard: You can Special Summon 1 "Amazoness" monster from your Deck with a Level less than or equal to that "Amazoness" monster in the Graveyard.','Spell');
INSERT INTO "cards" VALUES(164,'Amazoness Willpower','22082163','Select 1 "Amazoness" monster in your Graveyard and Special Summon it in Attack Position. It cannot change its battle position and must attack if able. When this card is removed from the field, destroy that monster. When that monster is destroyed, destroy this card.','Trap');
CREATE TABLE "artworks" ("id" INTEGER PRIMARY KEY AUTOINCREMENT NOT NULL, "image_path" varchar, "card_id" integer);
INSERT INTO "artworks" VALUES(1,'db/images/pictures/ACellBreedingDevice-TF04-JP-VG.jpg',1);
INSERT INTO "artworks" VALUES(2,'db/images/pictures/ACellIncubator-TF04-JP-VG.jpg',2);
INSERT INTO "artworks" VALUES(3,'db/images/pictures/ACellScatterBurst-TF04-JP-VG.jpg',3);
INSERT INTO "artworks" VALUES(4,'db/images/pictures/3HumpLacooda-TF04-JP-VG.jpg',5);
INSERT INTO "artworks" VALUES(5,'db/images/pictures/4StarredLadybugofDoom-OW.png',7);
INSERT INTO "artworks" VALUES(6,'db/images/pictures/4StarredLadybugofDoom-TF04-JP-VG.jpg',7);
INSERT INTO "artworks" VALUES(7,'db/images/pictures/7-TF04-JP-VG.jpg',8);
INSERT INTO "artworks" VALUES(8,'db/images/pictures/7ColoredFish-TF04-JP-VG.jpg',9);
INSERT INTO "artworks" VALUES(9,'db/images/pictures/7Completed-TF04-JP-VG.jpg',10);
INSERT INTO "artworks" VALUES(10,'db/images/pictures/8ClawsScorpion-OW.png',11);
INSERT INTO "artworks" VALUES(11,'db/images/pictures/8ClawsScorpion-TF04-JP-VG.jpg',11);
INSERT INTO "artworks" VALUES(12,'db/images/pictures/ACatofIllOmen-TF04-JP-VG.jpg',12);
INSERT INTO "artworks" VALUES(13,'db/images/pictures/ADealwithDarkRuler-OW.png',13);
INSERT INTO "artworks" VALUES(14,'db/images/pictures/ADealwithDarkRuler-TF04-JP-VG.jpg',13);
INSERT INTO "artworks" VALUES(15,'db/images/pictures/AFeatherofthePhoenix-OW.png',14);
INSERT INTO "artworks" VALUES(16,'db/images/pictures/AFeatherofthePhoenix-TF04-JP-VG.jpg',14);
INSERT INTO "artworks" VALUES(17,'db/images/pictures/AFeintPlan-TF04-JP-VG.jpg',15);
INSERT INTO "artworks" VALUES(18,'db/images/pictures/AHeroEmerges-OW.png',16);
INSERT INTO "artworks" VALUES(19,'db/images/pictures/AHeroEmerges-TF04-JP-VG.jpg',16);
INSERT INTO "artworks" VALUES(20,'db/images/pictures/AHeroLives-TF06-JP-VG.png',17);
INSERT INTO "artworks" VALUES(21,'db/images/pictures/ALegendaryOcean-OW.png',18);
INSERT INTO "artworks" VALUES(22,'db/images/pictures/ALegendaryOcean-TF04-JP-VG.jpg',18);
INSERT INTO "artworks" VALUES(23,'db/images/pictures/AMajorUpset-TF04-JP-VG.png',19);
INSERT INTO "artworks" VALUES(24,'db/images/pictures/AManwithWdjat-TF04-JP-VG.jpg',20);
INSERT INTO "artworks" VALUES(25,'db/images/pictures/ARivalAppears-TF04-JP-VG.png',21);
INSERT INTO "artworks" VALUES(26,'db/images/pictures/AWingbeatofGiantDragon-OW.png',23);
INSERT INTO "artworks" VALUES(27,'db/images/pictures/AWingbeatofGiantDragon-TF04-JP-VG.jpg',23);
INSERT INTO "artworks" VALUES(28,'db/images/pictures/ATeamTrapDisposalUnit-TF04-JP-VG.jpg',24);
INSERT INTO "artworks" VALUES(29,'db/images/pictures/ADChanger-OW.png',25);
INSERT INTO "artworks" VALUES(30,'db/images/pictures/ADChanger-TF05-JP-VG.png',25);
INSERT INTO "artworks" VALUES(31,'db/images/pictures/Abaki-OW.png',26);
INSERT INTO "artworks" VALUES(32,'db/images/pictures/Abaki-TF04-JP-VG.jpg',26);
INSERT INTO "artworks" VALUES(33,'db/images/pictures/AbareUshioni-TF04-JP-VG.jpg',27);
INSERT INTO "artworks" VALUES(34,'db/images/pictures/AbsoluteCrusader-TF06-JP-VG.png',28);
INSERT INTO "artworks" VALUES(35,'db/images/pictures/AbsoluteEnd-TF04-JP-VG.png',29);
INSERT INTO "artworks" VALUES(36,'db/images/pictures/AbsorbingKidfromtheSky-TF04-JP-VG.png',33);
INSERT INTO "artworks" VALUES(37,'db/images/pictures/AbyssSoldier-TF04-JP-VG.jpg',36);
INSERT INTO "artworks" VALUES(38,'db/images/pictures/AbyssalDesignator-TF04-JP-VG.jpg',46);
INSERT INTO "artworks" VALUES(39,'db/images/pictures/AbyssalKingshark-TF04-JP-VG.jpg',47);
INSERT INTO "artworks" VALUES(40,'db/images/pictures/AccelSynchron-TFS-JP-VG.png',48);
INSERT INTO "artworks" VALUES(41,'db/images/pictures/Accellight-OW.png',49);
INSERT INTO "artworks" VALUES(42,'db/images/pictures/AccumulatedFortune-TF04-JP-VG.jpg',50);
INSERT INTO "artworks" VALUES(43,'db/images/pictures/AchachaArcher-OW.png',51);
INSERT INTO "artworks" VALUES(44,'db/images/pictures/AchachaArcher-TF06-JP-VG.png',51);
INSERT INTO "artworks" VALUES(45,'db/images/pictures/AchachaChanbara-OW.png',52);
INSERT INTO "artworks" VALUES(46,'db/images/pictures/AcidCrawler-TF04-JP-VG.jpg',53);
INSERT INTO "artworks" VALUES(47,'db/images/pictures/AcidRain-TF04-JP-VG.jpg',54);
INSERT INTO "artworks" VALUES(48,'db/images/pictures/AcidTrapHole-TF04-JP-VG.jpg',55);
INSERT INTO "artworks" VALUES(49,'db/images/pictures/AcidTrapHole-TF04-JP-VG-2.jpg',55);
INSERT INTO "artworks" VALUES(50,'db/images/pictures/AcidicDownpour-TF04-JP-VG.jpg',56);
INSERT INTO "artworks" VALUES(51,'db/images/pictures/Acorno-OW.png',57);
INSERT INTO "artworks" VALUES(52,'db/images/pictures/Acorno-TF06-JP-VG.png',57);
INSERT INTO "artworks" VALUES(53,'db/images/pictures/AcrobatMonkey-OW.png',58);
INSERT INTO "artworks" VALUES(54,'db/images/pictures/AcrobatMonkey-TF04-JP-VG.jpg',58);
INSERT INTO "artworks" VALUES(55,'db/images/pictures/AdhesionTrapHole-TF04-JP-VG.jpg',59);
INSERT INTO "artworks" VALUES(56,'db/images/pictures/AdhesiveExplosive-TF04-JP-VG.jpg',60);
INSERT INTO "artworks" VALUES(57,'db/images/pictures/AdvanceDraw-OW.png',62);
INSERT INTO "artworks" VALUES(58,'db/images/pictures/AdvanceDraw-TF04-JP-VG.png',62);
INSERT INTO "artworks" VALUES(59,'db/images/pictures/AdvanceForce-OW.png',63);
INSERT INTO "artworks" VALUES(60,'db/images/pictures/AdvanceForce-TF04-JP-VG.png',63);
INSERT INTO "artworks" VALUES(61,'db/images/pictures/AdvancedDark-OW.png',65);
INSERT INTO "artworks" VALUES(62,'db/images/pictures/AdvancedRitualArt-TF04-JP-VG.jpg',67);
INSERT INTO "artworks" VALUES(63,'db/images/pictures/AegisofGaia-TF04-JP-VG.jpg',69);
INSERT INTO "artworks" VALUES(64,'db/images/pictures/AegisoftheOceanDragonLord-TF04-JP-VG.png',70);
INSERT INTO "artworks" VALUES(65,'db/images/pictures/AftertheStruggle-TF04-JP-VG.jpg',75);
INSERT INTO "artworks" VALUES(66,'db/images/pictures/AgainsttheWind-TF04-JP-VG.png',76);
INSERT INTO "artworks" VALUES(67,'db/images/pictures/Agido-OW.png',77);
INSERT INTO "artworks" VALUES(68,'db/images/pictures/Agido-TF04-JP-VG.jpg',77);
INSERT INTO "artworks" VALUES(69,'db/images/pictures/AirArmorNinja-OW.png',78);
INSERT INTO "artworks" VALUES(70,'db/images/pictures/AirEater-TF04-JP-VG.jpg',79);
INSERT INTO "artworks" VALUES(71,'db/images/pictures/AirknightParshath-OW.png',80);
INSERT INTO "artworks" VALUES(72,'db/images/pictures/AirknightParshath-TF04-JP-VG.jpg',80);
INSERT INTO "artworks" VALUES(73,'db/images/pictures/Airorca-TF06-JP-VG.png',81);
INSERT INTO "artworks" VALUES(74,'db/images/pictures/Aitsu-TF04-JP-VG.jpg',82);
INSERT INTO "artworks" VALUES(75,'db/images/pictures/Akakieisu-TF04-JP-VG.jpg',83);
INSERT INTO "artworks" VALUES(76,'db/images/pictures/AkzthePumer-TF06-JP-VG.png',85);
INSERT INTO "artworks" VALUES(77,'db/images/pictures/AlchemistofBlackSpells-TF05-JP-VG.png',88);
INSERT INTO "artworks" VALUES(78,'db/images/pictures/AlchemyCycle-OW.png',89);
INSERT INTO "artworks" VALUES(79,'db/images/pictures/AlchemyCycle-TF04-JP-VG.jpg',89);
INSERT INTO "artworks" VALUES(80,'db/images/pictures/AlectorSovereignofBirds-TF04-JP-VG.jpg',90);
INSERT INTO "artworks" VALUES(81,'db/images/pictures/AlienAmmonite-TF04-JP-VG.png',93);
INSERT INTO "artworks" VALUES(82,'db/images/pictures/AlienBrain-TF05-JP-VG.png',94);
INSERT INTO "artworks" VALUES(83,'db/images/pictures/AlienDog-TF04-JP-VG.png',95);
INSERT INTO "artworks" VALUES(84,'db/images/pictures/AlienGrey-TF04-JP-VG.jpg',96);
INSERT INTO "artworks" VALUES(85,'db/images/pictures/AlienHunter-TF04-JP-VG.jpg',97);
INSERT INTO "artworks" VALUES(86,'db/images/pictures/AlienHypno-TF04-JP-VG.jpg',98);
INSERT INTO "artworks" VALUES(87,'db/images/pictures/AlienInfiltrator-TF04-JP-VG.jpg',99);
INSERT INTO "artworks" VALUES(88,'db/images/pictures/AlienKid-TF04-JP-VG.png',100);
INSERT INTO "artworks" VALUES(89,'db/images/pictures/AlienMars-TF04-JP-VG.jpg',101);
INSERT INTO "artworks" VALUES(90,'db/images/pictures/AlienMother-TF04-JP-VG.jpg',102);
INSERT INTO "artworks" VALUES(91,'db/images/pictures/AlienOverlord-TF04-JP-VG.png',103);
INSERT INTO "artworks" VALUES(92,'db/images/pictures/AlienPsychic-TF04-JP-VG.jpg',104);
INSERT INTO "artworks" VALUES(93,'db/images/pictures/AlienShocktrooper-TF04-JP-VG.jpg',105);
INSERT INTO "artworks" VALUES(94,'db/images/pictures/AlienSkull-TF04-JP-VG.jpg',106);
INSERT INTO "artworks" VALUES(95,'db/images/pictures/AlienTelepath-TF04-JP-VG.jpg',107);
INSERT INTO "artworks" VALUES(96,'db/images/pictures/AlienWarrior-TF04-JP-VG.jpg',108);
INSERT INTO "artworks" VALUES(97,'db/images/pictures/AllOutAttacks-TF04-JP-VG.jpg',110);
INSERT INTO "artworks" VALUES(98,'db/images/pictures/AlligatorsSword-OW.png',111);
INSERT INTO "artworks" VALUES(99,'db/images/pictures/AlligatorsSword-TF04-JP-VG.jpg',111);
INSERT INTO "artworks" VALUES(100,'db/images/pictures/AlligatorsSwordDragon-OW.png',112);
INSERT INTO "artworks" VALUES(101,'db/images/pictures/AlligatorsSwordDragon-TF04-JP-VG.jpg',112);
INSERT INTO "artworks" VALUES(102,'db/images/pictures/AllureofDarkness-TF04-JP-VG.jpg',113);
INSERT INTO "artworks" VALUES(103,'db/images/pictures/AllureQueenLV3-TF04-JP-VG.jpg',114);
INSERT INTO "artworks" VALUES(104,'db/images/pictures/AllureQueenLV5-TF04-JP-VG.jpg',115);
INSERT INTO "artworks" VALUES(105,'db/images/pictures/AllureQueenLV7-TF04-JP-VG.jpg',116);
INSERT INTO "artworks" VALUES(106,'db/images/pictures/AllyMind-TF04-JP-VG.png',117);
INSERT INTO "artworks" VALUES(107,'db/images/pictures/AllyofJusticeCatastor-TF04-JP-VG.jpg',118);
INSERT INTO "artworks" VALUES(108,'db/images/pictures/AllyofJusticeClausolas-OW.png',119);
INSERT INTO "artworks" VALUES(109,'db/images/pictures/AllyofJusticeClausolas-TF04-JP-VG.jpg',119);
INSERT INTO "artworks" VALUES(110,'db/images/pictures/AllyofJusticeCoreDestroyer-TF05-JP-VG.png',120);
INSERT INTO "artworks" VALUES(111,'db/images/pictures/AllyofJusticeCosmicGateway-OW.png',121);
INSERT INTO "artworks" VALUES(112,'db/images/pictures/AllyofJusticeCosmicGateway-TF04-JP-VG.png',121);
INSERT INTO "artworks" VALUES(113,'db/images/pictures/AllyofJusticeCycleReader-TF04-JP-VG.png',122);
INSERT INTO "artworks" VALUES(114,'db/images/pictures/AllyofJusticeCycloneCreator-TF04-JP-VG.jpg',123);
INSERT INTO "artworks" VALUES(115,'db/images/pictures/AllyofJusticeDecisiveArmor-TF04-JP-VG.jpg',124);
INSERT INTO "artworks" VALUES(116,'db/images/pictures/AllyofJusticeEnemyCatcher-TF04-JP-VG.png',125);
INSERT INTO "artworks" VALUES(117,'db/images/pictures/AllyofJusticeFieldMarshal-TF04-JP-VG.png',126);
INSERT INTO "artworks" VALUES(118,'db/images/pictures/AllyofJusticeGaradholg-OW.png',127);
INSERT INTO "artworks" VALUES(119,'db/images/pictures/AllyofJusticeGaradholg-TF04-JP-VG.jpg',127);
INSERT INTO "artworks" VALUES(120,'db/images/pictures/AllyofJusticeLightGazer-TF04-JP-VG.jpg',128);
INSERT INTO "artworks" VALUES(121,'db/images/pictures/AllyofJusticeNullfier-OW.png',129);
INSERT INTO "artworks" VALUES(122,'db/images/pictures/AllyofJusticeNullfier-TF04-JP-VG.png',129);
INSERT INTO "artworks" VALUES(123,'db/images/pictures/AllyofJusticeOmniWeapon-TF04-JP-VG.png',130);
INSERT INTO "artworks" VALUES(124,'db/images/pictures/AllyofJusticeQuarantine-TF04-JP-VG.png',131);
INSERT INTO "artworks" VALUES(125,'db/images/pictures/AllyofJusticeReverseBreak-TF04-JP-VG.png',132);
INSERT INTO "artworks" VALUES(126,'db/images/pictures/AllyofJusticeRudra-TF04-JP-VG.jpg',133);
INSERT INTO "artworks" VALUES(127,'db/images/pictures/AllyofJusticeSearcher-TF04-JP-VG.png',134);
INSERT INTO "artworks" VALUES(128,'db/images/pictures/AllyofJusticeThousandArms-TF04-JP-VG.jpg',135);
INSERT INTO "artworks" VALUES(129,'db/images/pictures/AllyofJusticeThunderArmor-TF04-JP-VG.png',136);
INSERT INTO "artworks" VALUES(130,'db/images/pictures/AllyofJusticeUnknownCrusher-TF04-JP-VG.jpg',137);
INSERT INTO "artworks" VALUES(131,'db/images/pictures/AllyofJusticeUnlimiter-TF04-JP-VG.png',138);
INSERT INTO "artworks" VALUES(132,'db/images/pictures/AllySalvo-OW.png',139);
INSERT INTO "artworks" VALUES(133,'db/images/pictures/AllySalvo-TF04-JP-VG.jpg',139);
INSERT INTO "artworks" VALUES(134,'db/images/pictures/AlphaTheMagnetWarrior-OW.png',141);
INSERT INTO "artworks" VALUES(135,'db/images/pictures/AlphatheMagnetWarrior-TF04-JP-VG.jpg',141);
INSERT INTO "artworks" VALUES(136,'db/images/pictures/AltarforTribute-TF04-JP-VG.jpg',143);
INSERT INTO "artworks" VALUES(137,'db/images/pictures/Amarylease-OW.png',145);
INSERT INTO "artworks" VALUES(138,'db/images/pictures/AmazonoftheSeas-TF04-JP-VG.jpg',146);
INSERT INTO "artworks" VALUES(139,'db/images/pictures/AmazonessArcher-TF04-JP-VG.jpg',147);
INSERT INTO "artworks" VALUES(140,'db/images/pictures/AmazonessArchers-OW.png',148);
INSERT INTO "artworks" VALUES(141,'db/images/pictures/AmazonessArchers-TF04-JP-VG.jpg',148);
INSERT INTO "artworks" VALUES(142,'db/images/pictures/AmazonessBlowpiper-OW.png',149);
INSERT INTO "artworks" VALUES(143,'db/images/pictures/AmazonessBlowpiper-TF04-JP-VG.jpg',149);
INSERT INTO "artworks" VALUES(144,'db/images/pictures/AmazonessChainMaster-OW.png',150);
INSERT INTO "artworks" VALUES(145,'db/images/pictures/AmazonessChainMaster-TF04-JP-VG.jpg',150);
INSERT INTO "artworks" VALUES(146,'db/images/pictures/AmazonessFighter-OW.png',151);
INSERT INTO "artworks" VALUES(147,'db/images/pictures/AmazonessFighter-TF04-JP-VG.jpg',151);
INSERT INTO "artworks" VALUES(148,'db/images/pictures/AmazonessFightingSpirit-TF05-JP-VG.png',152);
INSERT INTO "artworks" VALUES(149,'db/images/pictures/AmazonessHeirloom-TF06-JP-VG.png',153);
INSERT INTO "artworks" VALUES(150,'db/images/pictures/AmazonessPaladin-OW.png',154);
INSERT INTO "artworks" VALUES(151,'db/images/pictures/AmazonessPaladin-TF04-JP-VG.jpg',154);
INSERT INTO "artworks" VALUES(152,'db/images/pictures/AmazonessQueen-TF05-JP-VG.png',155);
INSERT INTO "artworks" VALUES(153,'db/images/pictures/AmazonessSage-TF05-JP-VG.png',156);
INSERT INTO "artworks" VALUES(154,'db/images/pictures/AmazonessScouts-TF06-JP-VG.png',157);
INSERT INTO "artworks" VALUES(155,'db/images/pictures/AmazonessShamanism-TF06-JP-VG.png',158);
INSERT INTO "artworks" VALUES(156,'db/images/pictures/AmazonessSpellcaster-OW.png',159);
INSERT INTO "artworks" VALUES(157,'db/images/pictures/AmazonessSpellcaster-TF04-JP-VG.png',159);
INSERT INTO "artworks" VALUES(158,'db/images/pictures/AmazonessSwordsWoman-OW.png',160);
INSERT INTO "artworks" VALUES(159,'db/images/pictures/AmazonessSwordsWoman-TF04-JP-VG.jpg',160);
INSERT INTO "artworks" VALUES(160,'db/images/pictures/AmazonessTiger-OW.png',161);
INSERT INTO "artworks" VALUES(161,'db/images/pictures/AmazonessTiger-TF04-JP-VG.jpg',161);
INSERT INTO "artworks" VALUES(162,'db/images/pictures/AmazonessTrainee-TF05-JP-VG.png',162);
INSERT INTO "artworks" VALUES(163,'db/images/pictures/AmazonessVillage-TF05-JP-VG.png',163);
INSERT INTO "artworks" VALUES(164,'db/images/pictures/AmazonessWillpower-TF05-JP-VG.png',164);
CREATE TABLE "properties" ("id" INTEGER PRIMARY KEY AUTOINCREMENT NOT NULL, "name" varchar NOT NULL, "value" varchar, "card_id" integer);
INSERT INTO "properties" VALUES(1,'property','Continuous',1);
INSERT INTO "properties" VALUES(2,'property','Continuous',2);
INSERT INTO "properties" VALUES(3,'property','Quick-Play',3);
INSERT INTO "properties" VALUES(4,'property','Normal',4);
INSERT INTO "properties" VALUES(5,'element','EARTH',5);
INSERT INTO "properties" VALUES(6,'level','3',5);
INSERT INTO "properties" VALUES(7,'attack','500',5);
INSERT INTO "properties" VALUES(8,'defense','1500',5);
INSERT INTO "properties" VALUES(9,'species','Beast',5);
INSERT INTO "properties" VALUES(10,'element','WATER',6);
INSERT INTO "properties" VALUES(11,'level','5',6);
INSERT INTO "properties" VALUES(12,'attack','1250',6);
INSERT INTO "properties" VALUES(13,'defense','2100',6);
INSERT INTO "properties" VALUES(14,'species','Aqua',6);
INSERT INTO "properties" VALUES(15,'element','WIND',7);
INSERT INTO "properties" VALUES(16,'level','3',7);
INSERT INTO "properties" VALUES(17,'attack','800',7);
INSERT INTO "properties" VALUES(18,'defense','1200',7);
INSERT INTO "properties" VALUES(19,'species','Insect',7);
INSERT INTO "properties" VALUES(20,'property','Continuous',8);
INSERT INTO "properties" VALUES(21,'element','WATER',9);
INSERT INTO "properties" VALUES(22,'level','4',9);
INSERT INTO "properties" VALUES(23,'attack','1800',9);
INSERT INTO "properties" VALUES(24,'defense','800',9);
INSERT INTO "properties" VALUES(25,'species','Fish',9);
INSERT INTO "properties" VALUES(26,'property','Equip',10);
INSERT INTO "properties" VALUES(27,'element','DARK',11);
INSERT INTO "properties" VALUES(28,'level','2',11);
INSERT INTO "properties" VALUES(29,'attack','300',11);
INSERT INTO "properties" VALUES(30,'defense','200',11);
INSERT INTO "properties" VALUES(31,'species','Insect',11);
INSERT INTO "properties" VALUES(32,'element','DARK',12);
INSERT INTO "properties" VALUES(33,'level','2',12);
INSERT INTO "properties" VALUES(34,'attack','500',12);
INSERT INTO "properties" VALUES(35,'defense','300',12);
INSERT INTO "properties" VALUES(36,'species','Beast',12);
INSERT INTO "properties" VALUES(37,'property','Quick-Play',13);
INSERT INTO "properties" VALUES(38,'property','Normal',14);
INSERT INTO "properties" VALUES(39,'property','Normal',15);
INSERT INTO "properties" VALUES(40,'property','Normal',16);
INSERT INTO "properties" VALUES(41,'property','Normal',17);
INSERT INTO "properties" VALUES(42,'property','Field',18);
INSERT INTO "properties" VALUES(43,'property','Normal',19);
INSERT INTO "properties" VALUES(44,'element','DARK',20);
INSERT INTO "properties" VALUES(45,'level','4',20);
INSERT INTO "properties" VALUES(46,'attack','1600',20);
INSERT INTO "properties" VALUES(47,'defense','1600',20);
INSERT INTO "properties" VALUES(48,'species','Spellcaster',20);
INSERT INTO "properties" VALUES(49,'property','Normal',21);
INSERT INTO "properties" VALUES(50,'property','Normal',22);
INSERT INTO "properties" VALUES(51,'property','Normal',23);
INSERT INTO "properties" VALUES(52,'element','FIRE',24);
INSERT INTO "properties" VALUES(53,'level','2',24);
INSERT INTO "properties" VALUES(54,'attack','300',24);
INSERT INTO "properties" VALUES(55,'defense','400',24);
INSERT INTO "properties" VALUES(56,'species','Machine',24);
INSERT INTO "properties" VALUES(57,'element','LIGHT',25);
INSERT INTO "properties" VALUES(58,'level','1',25);
INSERT INTO "properties" VALUES(59,'attack','100',25);
INSERT INTO "properties" VALUES(60,'defense','100',25);
INSERT INTO "properties" VALUES(61,'species','Warrior',25);
INSERT INTO "properties" VALUES(62,'element','FIRE',26);
INSERT INTO "properties" VALUES(63,'level','4',26);
INSERT INTO "properties" VALUES(64,'attack','1700',26);
INSERT INTO "properties" VALUES(65,'defense','1000',26);
INSERT INTO "properties" VALUES(66,'species','Fiend',26);
INSERT INTO "properties" VALUES(67,'element','EARTH',27);
INSERT INTO "properties" VALUES(68,'level','4',27);
INSERT INTO "properties" VALUES(69,'attack','1200',27);
INSERT INTO "properties" VALUES(70,'defense','1200',27);
INSERT INTO "properties" VALUES(71,'species','Beast-Warrior',27);
INSERT INTO "properties" VALUES(72,'element','EARTH',28);
INSERT INTO "properties" VALUES(73,'level','4',28);
INSERT INTO "properties" VALUES(74,'attack','1800',28);
INSERT INTO "properties" VALUES(75,'defense','1200',28);
INSERT INTO "properties" VALUES(76,'species','Warrior',28);
INSERT INTO "properties" VALUES(77,'property','Normal',29);
INSERT INTO "properties" VALUES(78,'element','DARK',30);
INSERT INTO "properties" VALUES(79,'level','1',30);
INSERT INTO "properties" VALUES(80,'attack','0',30);
INSERT INTO "properties" VALUES(81,'defense','0',30);
INSERT INTO "properties" VALUES(82,'species','Fiend',30);
INSERT INTO "properties" VALUES(83,'property','Normal',31);
INSERT INTO "properties" VALUES(84,'element','EARTH',32);
INSERT INTO "properties" VALUES(85,'level','3',32);
INSERT INTO "properties" VALUES(86,'attack','600',32);
INSERT INTO "properties" VALUES(87,'defense','500',32);
INSERT INTO "properties" VALUES(88,'species','Rock',32);
INSERT INTO "properties" VALUES(89,'element','LIGHT',33);
INSERT INTO "properties" VALUES(90,'level','4',33);
INSERT INTO "properties" VALUES(91,'attack','1300',33);
INSERT INTO "properties" VALUES(92,'defense','1000',33);
INSERT INTO "properties" VALUES(93,'species','Fairy',33);
INSERT INTO "properties" VALUES(94,'element','WATER',34);
INSERT INTO "properties" VALUES(95,'rank','4',34);
INSERT INTO "properties" VALUES(96,'attack','1700',34);
INSERT INTO "properties" VALUES(97,'defense','1400',34);
INSERT INTO "properties" VALUES(98,'species','Sea Serpent',34);
INSERT INTO "properties" VALUES(99,'element','EARTH',35);
INSERT INTO "properties" VALUES(100,'level','2',35);
INSERT INTO "properties" VALUES(101,'attack','750',35);
INSERT INTO "properties" VALUES(102,'defense','400',35);
INSERT INTO "properties" VALUES(103,'species','Plant',35);
INSERT INTO "properties" VALUES(104,'element','WATER',36);
INSERT INTO "properties" VALUES(105,'level','4',36);
INSERT INTO "properties" VALUES(106,'attack','1800',36);
INSERT INTO "properties" VALUES(107,'defense','1300',36);
INSERT INTO "properties" VALUES(108,'species','Aqua',36);
INSERT INTO "properties" VALUES(109,'property','Continuous',37);
INSERT INTO "properties" VALUES(110,'element','WATER',38);
INSERT INTO "properties" VALUES(111,'level','4',38);
INSERT INTO "properties" VALUES(112,'attack','1800',38);
INSERT INTO "properties" VALUES(113,'defense','1300',38);
INSERT INTO "properties" VALUES(114,'species','Aqua',38);
INSERT INTO "properties" VALUES(115,'property','Equip',39);
INSERT INTO "properties" VALUES(116,'property','Equip',40);
INSERT INTO "properties" VALUES(117,'property','Equip',41);
INSERT INTO "properties" VALUES(118,'property','Normal',42);
INSERT INTO "properties" VALUES(119,'property','Continuous',43);
INSERT INTO "properties" VALUES(120,'property','Normal',44);
INSERT INTO "properties" VALUES(121,'property','Normal',45);
INSERT INTO "properties" VALUES(122,'property','Normal',46);
INSERT INTO "properties" VALUES(123,'element','WATER',47);
INSERT INTO "properties" VALUES(124,'level','4',47);
INSERT INTO "properties" VALUES(125,'attack','1700',47);
INSERT INTO "properties" VALUES(126,'defense','600',47);
INSERT INTO "properties" VALUES(127,'species','Fish',47);
INSERT INTO "properties" VALUES(128,'element','DARK',48);
INSERT INTO "properties" VALUES(129,'level','5',48);
INSERT INTO "properties" VALUES(130,'attack','500',48);
INSERT INTO "properties" VALUES(131,'defense','2100',48);
INSERT INTO "properties" VALUES(132,'species','Machine',48);
INSERT INTO "properties" VALUES(133,'ability','Tuner',48);
INSERT INTO "properties" VALUES(134,'property','Normal',49);
INSERT INTO "properties" VALUES(135,'property','Normal',50);
INSERT INTO "properties" VALUES(136,'element','FIRE',51);
INSERT INTO "properties" VALUES(137,'level','3',51);
INSERT INTO "properties" VALUES(138,'attack','1200',51);
INSERT INTO "properties" VALUES(139,'defense','600',51);
INSERT INTO "properties" VALUES(140,'species','Warrior',51);
INSERT INTO "properties" VALUES(141,'element','FIRE',52);
INSERT INTO "properties" VALUES(142,'level','3',52);
INSERT INTO "properties" VALUES(143,'attack','1400',52);
INSERT INTO "properties" VALUES(144,'defense','400',52);
INSERT INTO "properties" VALUES(145,'species','Warrior',52);
INSERT INTO "properties" VALUES(146,'element','EARTH',53);
INSERT INTO "properties" VALUES(147,'level','3',53);
INSERT INTO "properties" VALUES(148,'attack','900',53);
INSERT INTO "properties" VALUES(149,'defense','700',53);
INSERT INTO "properties" VALUES(150,'species','Insect',53);
INSERT INTO "properties" VALUES(151,'property','Normal',54);
INSERT INTO "properties" VALUES(152,'property','Normal',55);
INSERT INTO "properties" VALUES(153,'property','Field',56);
INSERT INTO "properties" VALUES(154,'element','EARTH',57);
INSERT INTO "properties" VALUES(155,'level','1',57);
INSERT INTO "properties" VALUES(156,'attack','200',57);
INSERT INTO "properties" VALUES(157,'defense','400',57);
INSERT INTO "properties" VALUES(158,'species','Plant',57);
INSERT INTO "properties" VALUES(159,'element','EARTH',58);
INSERT INTO "properties" VALUES(160,'level','3',58);
INSERT INTO "properties" VALUES(161,'attack','1000',58);
INSERT INTO "properties" VALUES(162,'defense','1800',58);
INSERT INTO "properties" VALUES(163,'species','Machine',58);
INSERT INTO "properties" VALUES(164,'property','Normal',59);
INSERT INTO "properties" VALUES(165,'element','WIND',60);
INSERT INTO "properties" VALUES(166,'level','3',60);
INSERT INTO "properties" VALUES(167,'attack','1000',60);
INSERT INTO "properties" VALUES(168,'defense','1000',60);
INSERT INTO "properties" VALUES(169,'species','Machine',60);
INSERT INTO "properties" VALUES(170,'element','DARK',61);
INSERT INTO "properties" VALUES(171,'rank','5',61);
INSERT INTO "properties" VALUES(172,'attack','2600',61);
INSERT INTO "properties" VALUES(173,'defense','1700',61);
INSERT INTO "properties" VALUES(174,'species','Fiend',61);
INSERT INTO "properties" VALUES(175,'property','Normal',62);
INSERT INTO "properties" VALUES(176,'property','Continuous',63);
INSERT INTO "properties" VALUES(177,'property','Continuous',64);
INSERT INTO "properties" VALUES(178,'property','Field',65);
INSERT INTO "properties" VALUES(179,'property','Normal',66);
INSERT INTO "properties" VALUES(180,'property','Ritual',67);
INSERT INTO "properties" VALUES(181,'element','WATER',68);
INSERT INTO "properties" VALUES(182,'rank','8',68);
INSERT INTO "properties" VALUES(183,'attack','?',68);
INSERT INTO "properties" VALUES(184,'defense','3000',68);
INSERT INTO "properties" VALUES(185,'species','Machine',68);
INSERT INTO "properties" VALUES(186,'property','Continuous',69);
INSERT INTO "properties" VALUES(187,'property','Normal',70);
INSERT INTO "properties" VALUES(188,'property','Continuous',71);
INSERT INTO "properties" VALUES(189,'element','LIGHT',72);
INSERT INTO "properties" VALUES(190,'level','6',72);
INSERT INTO "properties" VALUES(191,'attack','2300',72);
INSERT INTO "properties" VALUES(192,'defense','1600',72);
INSERT INTO "properties" VALUES(193,'species','Dragon',72);
INSERT INTO "properties" VALUES(194,'element','DARK',73);
INSERT INTO "properties" VALUES(195,'level','6',73);
INSERT INTO "properties" VALUES(196,'attack','2300',73);
INSERT INTO "properties" VALUES(197,'defense','1600',73);
INSERT INTO "properties" VALUES(198,'species','Dragon',73);
INSERT INTO "properties" VALUES(199,'property','Normal',74);
INSERT INTO "properties" VALUES(200,'property','Normal',75);
INSERT INTO "properties" VALUES(201,'property','Normal',76);
INSERT INTO "properties" VALUES(202,'element','EARTH',77);
INSERT INTO "properties" VALUES(203,'level','4',77);
INSERT INTO "properties" VALUES(204,'attack','1500',77);
INSERT INTO "properties" VALUES(205,'defense','1300',77);
INSERT INTO "properties" VALUES(206,'species','Fairy',77);
INSERT INTO "properties" VALUES(207,'element','WIND',78);
INSERT INTO "properties" VALUES(208,'level','4',78);
INSERT INTO "properties" VALUES(209,'attack','1400',78);
INSERT INTO "properties" VALUES(210,'defense','1400',78);
INSERT INTO "properties" VALUES(211,'species','Warrior',78);
INSERT INTO "properties" VALUES(212,'element','WIND',79);
INSERT INTO "properties" VALUES(213,'level','6',79);
INSERT INTO "properties" VALUES(214,'attack','2100',79);
INSERT INTO "properties" VALUES(215,'defense','1600',79);
INSERT INTO "properties" VALUES(216,'species','Fiend',79);
INSERT INTO "properties" VALUES(217,'element','LIGHT',80);
INSERT INTO "properties" VALUES(218,'level','5',80);
INSERT INTO "properties" VALUES(219,'attack','1900',80);
INSERT INTO "properties" VALUES(220,'defense','1400',80);
INSERT INTO "properties" VALUES(221,'species','Fairy',80);
INSERT INTO "properties" VALUES(222,'element','WIND',81);
INSERT INTO "properties" VALUES(223,'level','3',81);
INSERT INTO "properties" VALUES(224,'attack','1400',81);
INSERT INTO "properties" VALUES(225,'defense','300',81);
INSERT INTO "properties" VALUES(226,'species','Sea Serpent',81);
INSERT INTO "properties" VALUES(227,'element','FIRE',82);
INSERT INTO "properties" VALUES(228,'level','5',82);
INSERT INTO "properties" VALUES(229,'attack','100',82);
INSERT INTO "properties" VALUES(230,'defense','100',82);
INSERT INTO "properties" VALUES(231,'species','Fairy',82);
INSERT INTO "properties" VALUES(232,'element','DARK',83);
INSERT INTO "properties" VALUES(233,'level','3',83);
INSERT INTO "properties" VALUES(234,'attack','1000',83);
INSERT INTO "properties" VALUES(235,'defense','800',83);
INSERT INTO "properties" VALUES(236,'species','Spellcaster',83);
INSERT INTO "properties" VALUES(237,'element','WATER',84);
INSERT INTO "properties" VALUES(238,'level','5',84);
INSERT INTO "properties" VALUES(239,'attack','1700',84);
INSERT INTO "properties" VALUES(240,'defense','1400',84);
INSERT INTO "properties" VALUES(241,'species','Aqua',84);
INSERT INTO "properties" VALUES(242,'element','EARTH',85);
INSERT INTO "properties" VALUES(243,'level','6',85);
INSERT INTO "properties" VALUES(244,'attack','1500',85);
INSERT INTO "properties" VALUES(245,'defense','1000',85);
INSERT INTO "properties" VALUES(246,'species','Beast-Warrior',85);
INSERT INTO "properties" VALUES(247,'element','WIND',86);
INSERT INTO "properties" VALUES(248,'level','3',86);
INSERT INTO "properties" VALUES(249,'attack','1600',86);
INSERT INTO "properties" VALUES(250,'defense','1000',86);
INSERT INTO "properties" VALUES(251,'species','Wyrm',86);
INSERT INTO "properties" VALUES(252,'ability','Tuner',86);
INSERT INTO "properties" VALUES(253,'element','DARK',87);
INSERT INTO "properties" VALUES(254,'rank','4',87);
INSERT INTO "properties" VALUES(255,'attack','1500',87);
INSERT INTO "properties" VALUES(256,'defense','1500',87);
INSERT INTO "properties" VALUES(257,'species','Spellcaster',87);
INSERT INTO "properties" VALUES(258,'element','WIND',88);
INSERT INTO "properties" VALUES(259,'level','4',88);
INSERT INTO "properties" VALUES(260,'attack','1200',88);
INSERT INTO "properties" VALUES(261,'defense','1800',88);
INSERT INTO "properties" VALUES(262,'species','Spellcaster',88);
INSERT INTO "properties" VALUES(263,'property','Normal',89);
INSERT INTO "properties" VALUES(264,'element','WIND',90);
INSERT INTO "properties" VALUES(265,'level','6',90);
INSERT INTO "properties" VALUES(266,'attack','2400',90);
INSERT INTO "properties" VALUES(267,'defense','2000',90);
INSERT INTO "properties" VALUES(268,'species','Winged Beast',90);
INSERT INTO "properties" VALUES(269,'element','LIGHT',91);
INSERT INTO "properties" VALUES(270,'level','4',91);
INSERT INTO "properties" VALUES(271,'attack','2000',91);
INSERT INTO "properties" VALUES(272,'defense','100',91);
INSERT INTO "properties" VALUES(273,'species','Dragon',91);
INSERT INTO "properties" VALUES(274,'element','DARK',92);
INSERT INTO "properties" VALUES(275,'level','3',92);
INSERT INTO "properties" VALUES(276,'attack','1200',92);
INSERT INTO "properties" VALUES(277,'defense','0',92);
INSERT INTO "properties" VALUES(278,'species','Fiend',92);
INSERT INTO "properties" VALUES(279,'element','LIGHT',93);
INSERT INTO "properties" VALUES(280,'level','1',93);
INSERT INTO "properties" VALUES(281,'attack','500',93);
INSERT INTO "properties" VALUES(282,'defense','200',93);
INSERT INTO "properties" VALUES(283,'species','Reptile',93);
INSERT INTO "properties" VALUES(284,'ability','Tuner',93);
INSERT INTO "properties" VALUES(285,'property','Normal',94);
INSERT INTO "properties" VALUES(286,'element','LIGHT',95);
INSERT INTO "properties" VALUES(287,'level','3',95);
INSERT INTO "properties" VALUES(288,'attack','1500',95);
INSERT INTO "properties" VALUES(289,'defense','1000',95);
INSERT INTO "properties" VALUES(290,'species','Reptile',95);
INSERT INTO "properties" VALUES(291,'element','LIGHT',96);
INSERT INTO "properties" VALUES(292,'level','2',96);
INSERT INTO "properties" VALUES(293,'attack','300',96);
INSERT INTO "properties" VALUES(294,'defense','800',96);
INSERT INTO "properties" VALUES(295,'species','Reptile',96);
INSERT INTO "properties" VALUES(296,'element','WATER',97);
INSERT INTO "properties" VALUES(297,'level','4',97);
INSERT INTO "properties" VALUES(298,'attack','1600',97);
INSERT INTO "properties" VALUES(299,'defense','800',97);
INSERT INTO "properties" VALUES(300,'species','Reptile',97);
INSERT INTO "properties" VALUES(301,'element','WATER',98);
INSERT INTO "properties" VALUES(302,'level','4',98);
INSERT INTO "properties" VALUES(303,'attack','1600',98);
INSERT INTO "properties" VALUES(304,'defense','700',98);
INSERT INTO "properties" VALUES(305,'species','Reptile',98);
INSERT INTO "properties" VALUES(306,'ability','Gemini',98);
INSERT INTO "properties" VALUES(307,'element','EARTH',99);
INSERT INTO "properties" VALUES(308,'level','2',99);
INSERT INTO "properties" VALUES(309,'attack','800',99);
INSERT INTO "properties" VALUES(310,'defense','500',99);
INSERT INTO "properties" VALUES(311,'species','Reptile',99);
INSERT INTO "properties" VALUES(312,'element','LIGHT',100);
INSERT INTO "properties" VALUES(313,'level','4',100);
INSERT INTO "properties" VALUES(314,'attack','1600',100);
INSERT INTO "properties" VALUES(315,'defense','700',100);
INSERT INTO "properties" VALUES(316,'species','Reptile',100);
INSERT INTO "properties" VALUES(317,'element','FIRE',101);
INSERT INTO "properties" VALUES(318,'level','3',101);
INSERT INTO "properties" VALUES(319,'attack','1000',101);
INSERT INTO "properties" VALUES(320,'defense','1000',101);
INSERT INTO "properties" VALUES(321,'species','Reptile',101);
INSERT INTO "properties" VALUES(322,'element','DARK',102);
INSERT INTO "properties" VALUES(323,'level','6',102);
INSERT INTO "properties" VALUES(324,'attack','2300',102);
INSERT INTO "properties" VALUES(325,'defense','1500',102);
INSERT INTO "properties" VALUES(326,'species','Reptile',102);
INSERT INTO "properties" VALUES(327,'element','DARK',103);
INSERT INTO "properties" VALUES(328,'level','6',103);
INSERT INTO "properties" VALUES(329,'attack','2200',103);
INSERT INTO "properties" VALUES(330,'defense','1600',103);
INSERT INTO "properties" VALUES(331,'species','Reptile',103);
INSERT INTO "properties" VALUES(332,'element','DARK',104);
INSERT INTO "properties" VALUES(333,'level','1',104);
INSERT INTO "properties" VALUES(334,'attack','200',104);
INSERT INTO "properties" VALUES(335,'defense','100',104);
INSERT INTO "properties" VALUES(336,'species','Reptile',104);
INSERT INTO "properties" VALUES(337,'element','EARTH',105);
INSERT INTO "properties" VALUES(338,'level','4',105);
INSERT INTO "properties" VALUES(339,'attack','1900',105);
INSERT INTO "properties" VALUES(340,'defense','800',105);
INSERT INTO "properties" VALUES(341,'species','Reptile',105);
INSERT INTO "properties" VALUES(342,'element','WIND',106);
INSERT INTO "properties" VALUES(343,'level','4',106);
INSERT INTO "properties" VALUES(344,'attack','1600',106);
INSERT INTO "properties" VALUES(345,'defense','1800',106);
INSERT INTO "properties" VALUES(346,'species','Reptile',106);
INSERT INTO "properties" VALUES(347,'element','FIRE',107);
INSERT INTO "properties" VALUES(348,'level','4',107);
INSERT INTO "properties" VALUES(349,'attack','1600',107);
INSERT INTO "properties" VALUES(350,'defense','1000',107);
INSERT INTO "properties" VALUES(351,'species','Reptile',107);
INSERT INTO "properties" VALUES(352,'element','EARTH',108);
INSERT INTO "properties" VALUES(353,'level','4',108);
INSERT INTO "properties" VALUES(354,'attack','1800',108);
INSERT INTO "properties" VALUES(355,'defense','1000',108);
INSERT INTO "properties" VALUES(356,'species','Reptile',108);
INSERT INTO "properties" VALUES(357,'element','EARTH',109);
INSERT INTO "properties" VALUES(358,'level','3',109);
INSERT INTO "properties" VALUES(359,'attack','950',109);
INSERT INTO "properties" VALUES(360,'defense','700',109);
INSERT INTO "properties" VALUES(361,'species','Insect',109);
INSERT INTO "properties" VALUES(362,'property','Continuous',110);
INSERT INTO "properties" VALUES(363,'element','EARTH',111);
INSERT INTO "properties" VALUES(364,'level','4',111);
INSERT INTO "properties" VALUES(365,'attack','1500',111);
INSERT INTO "properties" VALUES(366,'defense','1200',111);
INSERT INTO "properties" VALUES(367,'species','Beast',111);
INSERT INTO "properties" VALUES(368,'element','WIND',112);
INSERT INTO "properties" VALUES(369,'level','5',112);
INSERT INTO "properties" VALUES(370,'attack','1700',112);
INSERT INTO "properties" VALUES(371,'defense','1500',112);
INSERT INTO "properties" VALUES(372,'species','Dragon',112);
INSERT INTO "properties" VALUES(373,'property','Normal',113);
INSERT INTO "properties" VALUES(374,'element','DARK',114);
INSERT INTO "properties" VALUES(375,'level','3',114);
INSERT INTO "properties" VALUES(376,'attack','500',114);
INSERT INTO "properties" VALUES(377,'defense','500',114);
INSERT INTO "properties" VALUES(378,'species','Spellcaster',114);
INSERT INTO "properties" VALUES(379,'element','DARK',115);
INSERT INTO "properties" VALUES(380,'level','5',115);
INSERT INTO "properties" VALUES(381,'attack','1000',115);
INSERT INTO "properties" VALUES(382,'defense','1000',115);
INSERT INTO "properties" VALUES(383,'species','Spellcaster',115);
INSERT INTO "properties" VALUES(384,'element','DARK',116);
INSERT INTO "properties" VALUES(385,'level','7',116);
INSERT INTO "properties" VALUES(386,'attack','1500',116);
INSERT INTO "properties" VALUES(387,'defense','1500',116);
INSERT INTO "properties" VALUES(388,'species','Spellcaster',116);
INSERT INTO "properties" VALUES(389,'element','DARK',117);
INSERT INTO "properties" VALUES(390,'level','5',117);
INSERT INTO "properties" VALUES(391,'attack','1800',117);
INSERT INTO "properties" VALUES(392,'defense','1400',117);
INSERT INTO "properties" VALUES(393,'species','Machine',117);
INSERT INTO "properties" VALUES(394,'ability','Tuner',117);
INSERT INTO "properties" VALUES(395,'element','DARK',118);
INSERT INTO "properties" VALUES(396,'level','5',118);
INSERT INTO "properties" VALUES(397,'attack','2200',118);
INSERT INTO "properties" VALUES(398,'defense','1200',118);
INSERT INTO "properties" VALUES(399,'species','Machine',118);
INSERT INTO "properties" VALUES(400,'element','DARK',119);
INSERT INTO "properties" VALUES(401,'level','6',119);
INSERT INTO "properties" VALUES(402,'attack','2300',119);
INSERT INTO "properties" VALUES(403,'defense','1200',119);
INSERT INTO "properties" VALUES(404,'species','Machine',119);
INSERT INTO "properties" VALUES(405,'element','DARK',120);
INSERT INTO "properties" VALUES(406,'level','3',120);
INSERT INTO "properties" VALUES(407,'attack','1200',120);
INSERT INTO "properties" VALUES(408,'defense','200',120);
INSERT INTO "properties" VALUES(409,'species','Machine',120);
INSERT INTO "properties" VALUES(410,'element','DARK',121);
INSERT INTO "properties" VALUES(411,'level','8',121);
INSERT INTO "properties" VALUES(412,'attack','2400',121);
INSERT INTO "properties" VALUES(413,'defense','1200',121);
INSERT INTO "properties" VALUES(414,'species','Machine',121);
INSERT INTO "properties" VALUES(415,'element','DARK',122);
INSERT INTO "properties" VALUES(416,'level','3',122);
INSERT INTO "properties" VALUES(417,'attack','1000',122);
INSERT INTO "properties" VALUES(418,'defense','1000',122);
INSERT INTO "properties" VALUES(419,'species','Machine',122);
INSERT INTO "properties" VALUES(420,'ability','Tuner',122);
INSERT INTO "properties" VALUES(421,'element','DARK',123);
INSERT INTO "properties" VALUES(422,'level','3',123);
INSERT INTO "properties" VALUES(423,'attack','1400',123);
INSERT INTO "properties" VALUES(424,'defense','1200',123);
INSERT INTO "properties" VALUES(425,'species','Machine',123);
INSERT INTO "properties" VALUES(426,'ability','Tuner',123);
INSERT INTO "properties" VALUES(427,'element','DARK',124);
INSERT INTO "properties" VALUES(428,'level','10',124);
INSERT INTO "properties" VALUES(429,'attack','3300',124);
INSERT INTO "properties" VALUES(430,'defense','3300',124);
INSERT INTO "properties" VALUES(431,'species','Machine',124);
INSERT INTO "properties" VALUES(432,'element','DARK',125);
INSERT INTO "properties" VALUES(433,'level','6',125);
INSERT INTO "properties" VALUES(434,'attack','1800',125);
INSERT INTO "properties" VALUES(435,'defense','1800',125);
INSERT INTO "properties" VALUES(436,'species','Machine',125);
INSERT INTO "properties" VALUES(437,'element','DARK',126);
INSERT INTO "properties" VALUES(438,'level','9',126);
INSERT INTO "properties" VALUES(439,'attack','2900',126);
INSERT INTO "properties" VALUES(440,'defense','2600',126);
INSERT INTO "properties" VALUES(441,'species','Machine',126);
INSERT INTO "properties" VALUES(442,'element','DARK',127);
INSERT INTO "properties" VALUES(443,'level','4',127);
INSERT INTO "properties" VALUES(444,'attack','1600',127);
INSERT INTO "properties" VALUES(445,'defense','400',127);
INSERT INTO "properties" VALUES(446,'species','Machine',127);
INSERT INTO "properties" VALUES(447,'element','DARK',128);
INSERT INTO "properties" VALUES(448,'level','8',128);
INSERT INTO "properties" VALUES(449,'attack','2400',128);
INSERT INTO "properties" VALUES(450,'defense','1600',128);
INSERT INTO "properties" VALUES(451,'species','Machine',128);
INSERT INTO "properties" VALUES(452,'element','DARK',129);
INSERT INTO "properties" VALUES(453,'level','4',129);
INSERT INTO "properties" VALUES(454,'attack','1600',129);
INSERT INTO "properties" VALUES(455,'defense','1200',129);
INSERT INTO "properties" VALUES(456,'species','Machine',129);
INSERT INTO "properties" VALUES(457,'element','DARK',130);
INSERT INTO "properties" VALUES(458,'level','5',130);
INSERT INTO "properties" VALUES(459,'attack','2200',130);
INSERT INTO "properties" VALUES(460,'defense','800',130);
INSERT INTO "properties" VALUES(461,'species','Machine',130);
INSERT INTO "properties" VALUES(462,'element','DARK',131);
INSERT INTO "properties" VALUES(463,'level','4',131);
INSERT INTO "properties" VALUES(464,'attack','1700',131);
INSERT INTO "properties" VALUES(465,'defense','1200',131);
INSERT INTO "properties" VALUES(466,'species','Machine',131);
INSERT INTO "properties" VALUES(467,'element','DARK',132);
INSERT INTO "properties" VALUES(468,'level','4',132);
INSERT INTO "properties" VALUES(469,'attack','1200',132);
INSERT INTO "properties" VALUES(470,'defense','1200',132);
INSERT INTO "properties" VALUES(471,'species','Machine',132);
INSERT INTO "properties" VALUES(472,'element','DARK',133);
INSERT INTO "properties" VALUES(473,'level','5',133);
INSERT INTO "properties" VALUES(474,'attack','1900',133);
INSERT INTO "properties" VALUES(475,'defense','1200',133);
INSERT INTO "properties" VALUES(476,'species','Machine',133);
INSERT INTO "properties" VALUES(477,'element','DARK',134);
INSERT INTO "properties" VALUES(478,'level','3',134);
INSERT INTO "properties" VALUES(479,'attack','1400',134);
INSERT INTO "properties" VALUES(480,'defense','100',134);
INSERT INTO "properties" VALUES(481,'species','Machine',134);
INSERT INTO "properties" VALUES(482,'element','DARK',135);
INSERT INTO "properties" VALUES(483,'level','4',135);
INSERT INTO "properties" VALUES(484,'attack','1700',135);
INSERT INTO "properties" VALUES(485,'defense','0',135);
INSERT INTO "properties" VALUES(486,'species','Machine',135);
INSERT INTO "properties" VALUES(487,'element','DARK',136);
INSERT INTO "properties" VALUES(488,'level','8',136);
INSERT INTO "properties" VALUES(489,'attack','2700',136);
INSERT INTO "properties" VALUES(490,'defense','2200',136);
INSERT INTO "properties" VALUES(491,'species','Machine',136);
INSERT INTO "properties" VALUES(492,'element','DARK',137);
INSERT INTO "properties" VALUES(493,'level','3',137);
INSERT INTO "properties" VALUES(494,'attack','1200',137);
INSERT INTO "properties" VALUES(495,'defense','800',137);
INSERT INTO "properties" VALUES(496,'species','Machine',137);
INSERT INTO "properties" VALUES(497,'element','DARK',138);
INSERT INTO "properties" VALUES(498,'level','2',138);
INSERT INTO "properties" VALUES(499,'attack','600',138);
INSERT INTO "properties" VALUES(500,'defense','200',138);
INSERT INTO "properties" VALUES(501,'species','Machine',138);
INSERT INTO "properties" VALUES(502,'element','DARK',139);
INSERT INTO "properties" VALUES(503,'level','2',139);
INSERT INTO "properties" VALUES(504,'attack','400',139);
INSERT INTO "properties" VALUES(505,'defense','300',139);
INSERT INTO "properties" VALUES(506,'species','Machine',139);
INSERT INTO "properties" VALUES(507,'element','EARTH',140);
INSERT INTO "properties" VALUES(508,'level','7',140);
INSERT INTO "properties" VALUES(509,'attack','2700',140);
INSERT INTO "properties" VALUES(510,'defense','2100',140);
INSERT INTO "properties" VALUES(511,'species','Beast',140);
INSERT INTO "properties" VALUES(512,'element','EARTH',141);
INSERT INTO "properties" VALUES(513,'level','4',141);
INSERT INTO "properties" VALUES(514,'attack','1400',141);
INSERT INTO "properties" VALUES(515,'defense','1700',141);
INSERT INTO "properties" VALUES(516,'species','Rock',141);
INSERT INTO "properties" VALUES(517,'element','LIGHT',142);
INSERT INTO "properties" VALUES(518,'rank','8',142);
INSERT INTO "properties" VALUES(519,'attack','2300',142);
INSERT INTO "properties" VALUES(520,'defense','3200',142);
INSERT INTO "properties" VALUES(521,'species','Plant',142);
INSERT INTO "properties" VALUES(522,'property','Normal',143);
INSERT INTO "properties" VALUES(523,'element','WIND',144);
INSERT INTO "properties" VALUES(524,'level','4',144);
INSERT INTO "properties" VALUES(525,'attack','1400',144);
INSERT INTO "properties" VALUES(526,'defense','1200',144);
INSERT INTO "properties" VALUES(527,'species','Warrior',144);
INSERT INTO "properties" VALUES(528,'element','EARTH',145);
INSERT INTO "properties" VALUES(529,'level','1',145);
INSERT INTO "properties" VALUES(530,'attack','100',145);
INSERT INTO "properties" VALUES(531,'defense','200',145);
INSERT INTO "properties" VALUES(532,'species','Plant',145);
INSERT INTO "properties" VALUES(533,'element','WATER',146);
INSERT INTO "properties" VALUES(534,'level','4',146);
INSERT INTO "properties" VALUES(535,'attack','1300',146);
INSERT INTO "properties" VALUES(536,'defense','1400',146);
INSERT INTO "properties" VALUES(537,'species','Fish',146);
INSERT INTO "properties" VALUES(538,'element','EARTH',147);
INSERT INTO "properties" VALUES(539,'level','4',147);
INSERT INTO "properties" VALUES(540,'attack','1400',147);
INSERT INTO "properties" VALUES(541,'defense','1000',147);
INSERT INTO "properties" VALUES(542,'species','Warrior',147);
INSERT INTO "properties" VALUES(543,'property','Normal',148);
INSERT INTO "properties" VALUES(544,'element','EARTH',149);
INSERT INTO "properties" VALUES(545,'level','3',149);
INSERT INTO "properties" VALUES(546,'attack','800',149);
INSERT INTO "properties" VALUES(547,'defense','1500',149);
INSERT INTO "properties" VALUES(548,'species','Warrior',149);
INSERT INTO "properties" VALUES(549,'element','EARTH',150);
INSERT INTO "properties" VALUES(550,'level','4',150);
INSERT INTO "properties" VALUES(551,'attack','1500',150);
INSERT INTO "properties" VALUES(552,'defense','1300',150);
INSERT INTO "properties" VALUES(553,'species','Warrior',150);
INSERT INTO "properties" VALUES(554,'element','EARTH',151);
INSERT INTO "properties" VALUES(555,'level','4',151);
INSERT INTO "properties" VALUES(556,'attack','1500',151);
INSERT INTO "properties" VALUES(557,'defense','1300',151);
INSERT INTO "properties" VALUES(558,'species','Warrior',151);
INSERT INTO "properties" VALUES(559,'property','Continuous',152);
INSERT INTO "properties" VALUES(560,'property','Equip',153);
INSERT INTO "properties" VALUES(561,'element','EARTH',154);
INSERT INTO "properties" VALUES(562,'level','4',154);
INSERT INTO "properties" VALUES(563,'attack','1700',154);
INSERT INTO "properties" VALUES(564,'defense','300',154);
INSERT INTO "properties" VALUES(565,'species','Warrior',154);
INSERT INTO "properties" VALUES(566,'element','EARTH',155);
INSERT INTO "properties" VALUES(567,'level','6',155);
INSERT INTO "properties" VALUES(568,'attack','2400',155);
INSERT INTO "properties" VALUES(569,'defense','1800',155);
INSERT INTO "properties" VALUES(570,'species','Warrior',155);
INSERT INTO "properties" VALUES(571,'element','EARTH',156);
INSERT INTO "properties" VALUES(572,'level','4',156);
INSERT INTO "properties" VALUES(573,'attack','1400',156);
INSERT INTO "properties" VALUES(574,'defense','700',156);
INSERT INTO "properties" VALUES(575,'species','Warrior',156);
INSERT INTO "properties" VALUES(576,'element','EARTH',157);
INSERT INTO "properties" VALUES(577,'level','2',157);
INSERT INTO "properties" VALUES(578,'attack','500',157);
INSERT INTO "properties" VALUES(579,'defense','1100',157);
INSERT INTO "properties" VALUES(580,'species','Warrior',157);
INSERT INTO "properties" VALUES(581,'property','Normal',158);
INSERT INTO "properties" VALUES(582,'property','Normal',159);
INSERT INTO "properties" VALUES(583,'element','EARTH',160);
INSERT INTO "properties" VALUES(584,'level','4',160);
INSERT INTO "properties" VALUES(585,'attack','1500',160);
INSERT INTO "properties" VALUES(586,'defense','1600',160);
INSERT INTO "properties" VALUES(587,'species','Warrior',160);
INSERT INTO "properties" VALUES(588,'element','EARTH',161);
INSERT INTO "properties" VALUES(589,'level','4',161);
INSERT INTO "properties" VALUES(590,'attack','1100',161);
INSERT INTO "properties" VALUES(591,'defense','1500',161);
INSERT INTO "properties" VALUES(592,'species','Beast',161);
INSERT INTO "properties" VALUES(593,'element','EARTH',162);
INSERT INTO "properties" VALUES(594,'level','4',162);
INSERT INTO "properties" VALUES(595,'attack','1500',162);
INSERT INTO "properties" VALUES(596,'defense','1300',162);
INSERT INTO "properties" VALUES(597,'species','Warrior',162);
INSERT INTO "properties" VALUES(598,'property','Field',163);
INSERT INTO "properties" VALUES(599,'property','Continuous',164);
CREATE TABLE "card_effects" ("id" INTEGER PRIMARY KEY AUTOINCREMENT NOT NULL, "type" varchar, "script_path" varchar, "card_id" integer);
CREATE TABLE "actions" ("id" INTEGER PRIMARY KEY AUTOINCREMENT NOT NULL, "type" varchar, "spell_speed" integer, "effect_id" integer);
DELETE FROM sqlite_sequence;
INSERT INTO "sqlite_sequence" VALUES('cards',164);
INSERT INTO "sqlite_sequence" VALUES('properties',599);
INSERT INTO "sqlite_sequence" VALUES('artworks',164);
CREATE INDEX "index_cards_on_serial_number" ON "cards" ("serial_number");
CREATE UNIQUE INDEX "index_cards_on_name" ON "cards" ("name");
CREATE VIEW non_monsters AS
SELECT c.id as card_id,
       c.name as name,
       c.category as category,
       max(case when p.name = 'property' then p.value end) as property,
       c.description as description,
       c.serial_number as serial_number
FROM cards c
INNER JOIN properties p ON c.id = p.card_id
WHERE c.id IN (
    SELECT card_id FROM properties
    WHERE name IN ('property')
    GROUP BY card_id
    HAVING count(card_id) = 1
  )
AND c.category IN (
  'Spell',
  'Trap'
)
GROUP BY c.id;
CREATE VIEW monsters AS
SELECT c.id as card_id,
       c.name as name,
       c.category as category,
       max(case when p.name = 'element' then p.value end) as element,
       max(case when p.name = 'level' then p.value end) as level,
       max(case when p.name = 'rank' then p.value end) as rank,
       max(case when p.name = 'species' then p.value end) as species,
       c.description as description,
       max(case when p.name = 'attack' then p.value end) as attack,
       max(case when p.name = 'defense' then p.value end) as defense,
       c.serial_number as serial_number
FROM cards c
INNER JOIN properties p ON c.id = p.card_id
WHERE c.id IN (
    SELECT card_id FROM properties
    WHERE name IN (
'element',
'level',
'rank',
'species',
'attack',
'defense'
)
    GROUP BY card_id
    HAVING count(card_id) = 5
  )
AND c.category IN (
  'Normal',
  'Effect',
  'Ritual',
  'Fusion',
  'Synchro',
  'Xyz'
)
GROUP BY c.id;
COMMIT;
